LowCC,VeryHighRC,HighMedDC,fewAuth,lowJR,New,astro-ph.EP,astro-ph.IM,physics.pop-ph,,,
VeryHighCC,VeryHighRC,VeryHighDC,hundredsAuths,lowJR,Newish,astro-ph.CO,,,,,
LowCC,HighMedRC,LowDC,fewAuth,lowMedJR,New,astro-ph.SR,,,,,
VeryHighCC,VeryHighRC,VeryHighDC,hundredsAuths,lowJR,Old,astro-ph.CO,,,,,
VeryHighCC,HighRC,HighDC,fewAuth,lowJR,VeryOld,astro-ph.IM,physics.comp-ph,stat.CO,,,
VeryHighCC,HighRC,HighDC,thousandsAuths,lowMedJR,Old,gr-qc,astro-ph.HE,,,,
VeryHighCC,HighRC,HighMedDC,tensAuths,lowJR,VeryOld,astro-ph.IM,,,,,
VeryHighCC,VeryHighRC,HighDC,hundredsAuths,lowJR,Newish,astro-ph.GA,astro-ph.IM,,,,
VeryHighCC,HighRC,HighDC,hundredsAuths,lowJR,Old,astro-ph.IM,,,,,
VeryHighCC,VeryHighRC,VeryHighDC,fewAuth,lowJR,VeryOld,astro-ph.GA,,,,,
HighCC,HighMedRC,HighMedDC,hundredsAuths,lowJR,New,astro-ph.GA,,,,,
VeryHighCC,HighMedRC,VeryHighDC,thousandsAuths,lowMedJR,Old,gr-qc,astro-ph.HE,,,,
VeryHighCC,VeryHighRC,VeryHighDC,tensAuths,lowJR,VeryOld,astro-ph.IM,,,,,
LowMedCC,LowMedRC,HighMedDC,hundredsAuths,lowJR,New,astro-ph.CO,,,,,
VeryHighCC,VeryHighRC,VeryHighDC,fewAuth,lowMedJR,VeryOld,astro-ph.SR,astro-ph.IM,,,,
VeryHighCC,HighMedRC,LowMedDC,hundredsAuths,lowJR,Newish,astro-ph.IM,,,,,
VeryHighCC,HighRC,VeryHighDC,tensAuths,lowMedJR,VeryOld,astro-ph.CO,,,,,
HighCC,HighRC,VeryHighDC,fewAuth,highMedJR,VeryOld,astro-ph.CO,,,,,
HighCC,VeryHighRC,VeryHighDC,fewAuth,highMedJR,VeryOld,astro-ph.CO,,,,,
VeryHighCC,HighRC,HighDC,hundredsAuths,lowJR,VeryOld,astro-ph.CO,,,,,
HighCC,VeryHighRC,HighDC,thousandsAuths,lowMedJR,Old,astro-ph.HE,gr-qc,,,,
HighCC,HighRC,VeryHighDC,hundredsAuths,lowMedJR,Newish,astro-ph.GA,astro-ph.HE,gr-qc,,,
VeryHighCC,HighMedRC,VeryHighDC,hundredsAuths,lowJR,Newish,astro-ph,,,,,
HighCC,HighMedRC,HighMedDC,hundredsAuths,lowJR,New,astro-ph.GA,,,,,
LowCC,LowMedRC,LowMedDC,thousandsAuths,lowJR,New,astro-ph.CO,astro-ph.GA,astro-ph.IM,,,
HighMedCC,HighMedRC,VeryHighDC,hundredsAuths,lowJR,Newish,astro-ph.IM,,,,,
LowMedCC,HighMedRC,HighMedDC,tensAuths,lowJR,Newish,astro-ph.SR,astro-ph.EP,,,,
HighCC,HighRC,VeryHighDC,tensAuths,lowJR,Old,astro-ph.GA,astro-ph.CO,,,,
HighCC,HighRC,VeryHighDC,fewAuth,highMedJR,VeryOld,astro-ph.GA,astro-ph.CO,,,,
HighCC,HighRC,HighDC,fewAuth,lowJR,VeryOld,astro-ph.SR,,,,,
HighCC,HighMedRC,HighMedDC,hundredsAuths,lowJR,Old,astro-ph.IM,astro-ph.EP,astro-ph.GA,astro-ph.SR,,
HighCC,HighRC,VeryHighDC,fewAuth,lowMedJR,VeryOld,astro-ph.SR,astro-ph.IM,,,,
VeryHighCC,HighMedRC,HighMedDC,tensAuths,lowMedJR,VeryOld,astro-ph.CO,,,,,
LowCC,LowMedRC,LowMedDC,hundredsAuths,lowJR,New,astro-ph.HE,,,,,
LowCC,LowMedRC,LowMedDC,tensAuths,veryHighJR,New,astro-ph.GA,,,,,
LowCC,LowMedRC,LowMedDC,hundredsAuths,lowJR,New,astro-ph.CO,,,,,
LowCC,LowMedRC,HighMedDC,hundredsAuths,lowMedJR,New,astro-ph.GA,astro-ph.CO,astro-ph.HE,,,
HighCC,LowMedRC,LowMedDC,tensAuths,lowJR,Old,astro-ph.IM,,,,,
HighMedCC,HighMedRC,HighMedDC,fewAuth,lowJR,New,astro-ph.SR,astro-ph.GA,,,,
LowMedCC,HighMedRC,VeryHighDC,fewAuth,highMedJR,Old,astro-ph.GA,,,,,
HighMedCC,LowMedRC,HighMedDC,tensAuths,lowMedJR,New,astro-ph.CO,,,,,
LowMedCC,HighMedRC,HighMedDC,hundredsAuths,lowMedJR,New,astro-ph.GA,astro-ph.IM,,,,
HighCC,LowMedRC,LowMedDC,hundredsAuths,lowJR,New,astro-ph.IM,,,,,
HighCC,HighMedRC,VeryHighDC,fewAuth,lowJR,Old,astro-ph.SR,,,,,
HighMedCC,HighRC,VeryHighDC,fewAuth,lowMedJR,VeryOld,astro-ph.SR,,,,,
HighCC,HighMedRC,HighMedDC,hundredsAuths,lowJR,VeryOld,astro-ph.CO,astro-ph.GA,,,,
HighCC,HighRC,VeryHighDC,fewAuth,highMedJR,VeryOld,astro-ph.CO,astro-ph.HE,,,,
HighCC,HighRC,HighDC,tensAuths,lowMedJR,Old,astro-ph.SR,,,,,
LowCC,LowMedRC,LowMedDC,hundredsAuths,lowJR,New,astro-ph.IM,astro-ph.EP,astro-ph.SR,,,
LowCC,LowMedRC,HighMedDC,tensAuths,lowJR,New,astro-ph.GA,astro-ph.CO,astro-ph.HE,,,
LowCC,LowMedRC,HighMedDC,tensAuths,lowJR,New,astro-ph.GA,astro-ph.CO,,,,
LowCC,LowMedRC,LowDC,fewAuth,lowJR,VeryOld,gr-qc,astro-ph.CO,hep-th,,,
HighCC,HighMedRC,HighMedDC,thousandsAuths,lowMedJR,Old,astro-ph.HE,gr-qc,,,,
LowMedCC,LowMedRC,HighMedDC,hundredsAuths,highMedJR,New,gr-qc,astro-ph.CO,astro-ph.GA,astro-ph.HE,astro-ph.IM,astro-ph.SR
LowCC,LowMedRC,LowMedDC,tensAuths,lowJR,New,astro-ph.GA,,,,,
LowMedCC,LowMedRC,HighMedDC,fewAuth,veryHighJR,New,astro-ph.GA,,,,,
LowCC,LowMedRC,LowDC,tensAuths,lowJR,New,astro-ph.EP,astro-ph.SR,,,,
HighCC,LowMedRC,LowMedDC,thousandsAuths,lowMedJR,New,gr-qc,astro-ph.HE,,,,
HighCC,HighMedRC,HighMedDC,tensAuths,lowJR,Old,astro-ph.CO,,,,,
HighMedCC,HighMedRC,VeryHighDC,tensAuths,lowMedJR,Newish,astro-ph.SR,astro-ph.EP,,,,
HighCC,HighMedRC,VeryHighDC,tensAuths,lowJR,Newish,astro-ph.CO,,,,,
HighCC,LowMedRC,LowMedDC,thousandsAuths,lowMedJR,Newish,astro-ph.HE,astro-ph.CO,gr-qc,,,
HighMedCC,HighMedRC,VeryHighDC,fewAuth,lowJR,Newish,astro-ph.GA,astro-ph.IM,,,,
HighMedCC,HighMedRC,VeryHighDC,fewAuth,lowJR,Newish,astro-ph.GA,astro-ph.CO,,,,
HighCC,HighMedRC,HighMedDC,tensAuths,highJR,VeryOld,astro-ph.HE,astro-ph.SR,cond-mat.quant-gas,gr-qc,,
HighMedCC,HighRC,VeryHighDC,tensAuths,lowJR,VeryOld,astro-ph.CO,,,,,
HighCC,HighMedRC,HighMedDC,fewAuth,veryHighJR,VeryOld,astro-ph.HE,gr-qc,hep-ex,nucl-ex,,
VeryHighCC,LowMedRC,LowMedDC,fewAuth,highJR,VeryOld,gr-qc,astro-ph,hep-th,,,
HighMedCC,HighMedRC,HighDC,fewAuth,highJR,VeryOld,astro-ph.SR,astro-ph.CO,,,,
HighMedCC,HighRC,VeryHighDC,fewAuth,lowJR,VeryOld,astro-ph.CO,,,,,
HighCC,LowMedRC,LowMedDC,hundredsAuths,lowJR,Old,astro-ph.IM,astro-ph.CO,,,,
HighMedCC,HighMedRC,HighDC,fewAuth,highMedJR,Old,astro-ph.GA,,,,,
LowCC,LowMedRC,LowMedDC,fewAuth,lowJR,New,astro-ph.GA,astro-ph.IM,,,,
LowCC,LowMedRC,LowMedDC,fewAuth,lowMedJR,New,astro-ph.EP,,,,,
LowCC,LowMedRC,LowMedDC,hundredsAuths,lowJR,New,astro-ph.CO,,,,,
HighMedCC,LowMedRC,LowMedDC,hundredsAuths,lowMedJR,New,astro-ph.HE,gr-qc,,,,
LowCC,LowMedRC,HighMedDC,tensAuths,lowJR,New,astro-ph.GA,astro-ph.CO,,,,
LowCC,LowMedRC,LowMedDC,hundredsAuths,lowJR,New,astro-ph.GA,astro-ph.SR,,,,
LowCC,LowMedRC,LowMedDC,tensAuths,veryHighJR,New,astro-ph.GA,astro-ph.CO,astro-ph.HE,,,
HighMedCC,HighRC,VeryHighDC,fewAuth,lowJR,VeryOld,astro-ph.CO,astro-ph.GA,,,,
HighMedCC,HighRC,HighDC,fewAuth,lowJR,VeryOld,astro-ph.CO,,,,,
HighCC,LowMedRC,LowMedDC,hundredsAuths,lowJR,Newish,astro-ph.CO,,,,,
LowCC,HighMedRC,HighMedDC,tensAuths,lowJR,Newish,astro-ph.GA,astro-ph.SR,,,,
HighMedCC,HighMedRC,VeryHighDC,fewAuth,lowJR,VeryOld,astro-ph.CO,,,,,
HighMedCC,HighMedRC,HighDC,fewAuth,highMedJR,VeryOld,astro-ph.GA,,,,,
HighMedCC,LowMedRC,HighMedDC,hundredsAuths,lowJR,Newish,astro-ph.IM,,,,,
HighMedCC,HighMedRC,VeryHighDC,tensAuths,lowMedJR,Newish,astro-ph.SR,astro-ph.HE,,,,
LowMedCC,HighMedRC,HighMedDC,fewAuth,highMedJR,Newish,astro-ph.GA,,,,,
HighCC,LowMedRC,LowMedDC,hundredsAuths,lowJR,Old,gr-qc,astro-ph.IM,physics.ins-det,,,
HighMedCC,HighMedRC,VeryHighDC,fewAuth,lowJR,Newish,astro-ph.GA,,,,,
HighMedCC,HighMedRC,VeryHighDC,tensAuths,lowMedJR,Newish,astro-ph.SR,,,,,
HighMedCC,HighMedRC,HighMedDC,tensAuths,lowJR,VeryOld,astro-ph.HE,astro-ph.CO,,,,
VeryHighCC,LowRC,LowDC,fewAuth,lowMedJR,VeryOld,gr-qc,astro-ph.CO,hep-ph,hep-th,,
HighMedCC,HighMedRC,VeryHighDC,fewAuth,lowJR,VeryOld,astro-ph.SR,,,,,
VeryHighCC,LowMedRC,LowMedDC,fewAuth,lowMedJR,VeryOld,astro-ph.CO,gr-qc,hep-th,,,
HighCC,HighMedRC,HighMedDC,hundredsAuths,lowJR,VeryOld,astro-ph.IM,,,,,
HighCC,HighMedRC,VeryHighDC,hundredsAuths,lowMedJR,Old,astro-ph.IM,astro-ph.GA,astro-ph.SR,,,
HighMedCC,HighMedRC,HighMedDC,fewAuth,lowMedJR,Old,astro-ph.SR,astro-ph.IM,,,,
HighMedCC,HighMedRC,VeryHighDC,tensAuths,lowJR,Old,astro-ph.EP,,,,,
LowCC,LowMedRC,LowMedDC,tensAuths,lowJR,New,astro-ph.GA,astro-ph.CO,,,,
LowMedCC,LowMedRC,HighMedDC,fewAuth,lowMedJR,New,astro-ph.GA,,,,,
LowCC,LowRC,LowMedDC,tensAuths,lowJR,New,astro-ph.GA,,,,,
LowMedCC,LowMedRC,HighMedDC,tensAuths,lowMedJR,New,astro-ph.GA,,,,,
LowCC,LowRC,LowDC,fewAuth,lowJR,New,astro-ph.HE,astro-ph.IM,gr-qc,,,
HighCC,LowMedRC,HighMedDC,fewAuth,lowJR,VeryOld,astro-ph.IM,,,,,
HighMedCC,HighMedRC,HighMedDC,hundredsAuths,lowMedJR,Newish,astro-ph.GA,astro-ph.CO,astro-ph.IM,,,
HighMedCC,LowMedRC,HighMedDC,fewAuth,lowJR,Newish,astro-ph.GA,,,,,
LowCC,LowMedRC,HighMedDC,tensAuths,lowMedJR,New,astro-ph.GA,astro-ph.CO,,,,
HighMedCC,HighMedRC,HighMedDC,tensAuths,lowJR,Old,astro-ph.IM,astro-ph.GA,,,,
HighMedCC,HighMedRC,VeryHighDC,fewAuth,lowMedJR,Old,astro-ph.SR,,,,,
HighMedCC,HighMedRC,HighMedDC,fewAuth,lowJR,Old,astro-ph.GA,,,,,
HighMedCC,HighMedRC,VeryHighDC,tensAuths,lowJR,Old,astro-ph.CO,astro-ph.GA,,,,
HighMedCC,LowMedRC,LowMedDC,tensAuths,lowJR,Old,astro-ph.GA,,,,,
HighMedCC,HighMedRC,HighMedDC,fewAuth,highMedJR,Old,astro-ph.CO,hep-ph,,,,
LowMedCC,HighMedRC,VeryHighDC,fewAuth,lowMedJR,Newish,astro-ph.IM,,,,,
HighMedCC,HighMedRC,VeryHighDC,fewAuth,lowJR,Old,astro-ph.GA,,,,,
LowCC,LowMedRC,HighMedDC,hundredsAuths,lowJR,New,astro-ph.CO,astro-ph.IM,,,,
HighMedCC,HighMedRC,VeryHighDC,fewAuth,lowJR,VeryOld,astro-ph.CO,,,,,
HighMedCC,HighMedRC,VeryHighDC,tensAuths,lowJR,Old,astro-ph.GA,,,,,
HighMedCC,HighMedRC,HighDC,fewAuth,lowJR,VeryOld,astro-ph.SR,,,,,
HighMedCC,HighMedRC,VeryHighDC,fewAuth,lowMedJR,VeryOld,astro-ph.GA,astro-ph.CO,,,,
HighCC,HighMedRC,HighMedDC,tensAuths,lowMedJR,VeryOld,astro-ph.CO,,,,,
HighCC,LowRC,LowDC,fewAuth,highMedJR,VeryOld,gr-qc,astro-ph.CO,hep-ph,hep-th,,
HighMedCC,HighMedRC,HighDC,tensAuths,lowJR,VeryOld,astro-ph.GA,astro-ph.CO,,,,
HighCC,LowMedRC,LowMedDC,hundredsAuths,lowMedJR,Old,gr-qc,astro-ph.HE,,,,
HighMedCC,HighMedRC,VeryHighDC,fewAuth,highMedJR,Old,astro-ph.GA,,,,,
HighMedCC,LowMedRC,LowMedDC,fewAuth,lowJR,Newish,astro-ph.IM,stat.CO,,,,
LowCC,LowRC,LowMedDC,tensAuths,lowJR,New,astro-ph.GA,,,,,
LowCC,LowMedRC,LowMedDC,fewAuth,lowJR,New,astro-ph.EP,astro-ph.SR,,,,
LowCC,LowMedRC,LowMedDC,fewAuth,lowJR,New,astro-ph.GA,,,,,
LowCC,LowMedRC,LowMedDC,tensAuths,lowMedJR,New,astro-ph.SR,astro-ph.EP,astro-ph.GA,,,
LowCC,LowMedRC,HighMedDC,fewAuth,lowJR,New,astro-ph.SR,astro-ph.EP,astro-ph.GA,,,
LowCC,LowRC,LowDC,fewAuth,lowJR,New,astro-ph.GA,,,,,
LowCC,LowRC,LowDC,tensAuths,lowJR,New,astro-ph.CO,astro-ph.GA,,,,
HighMedCC,HighMedRC,VeryHighDC,tensAuths,lowJR,VeryOld,astro-ph.IM,astro-ph.HE,,,,
HighMedCC,LowMedRC,LowMedDC,thousandsAuths,lowMedJR,New,astro-ph.HE,gr-qc,,,,
HighMedCC,HighMedRC,VeryHighDC,fewAuth,lowMedJR,VeryOld,astro-ph.SR,,,,,
HighMedCC,HighMedRC,HighMedDC,hundredsAuths,lowMedJR,VeryOld,astro-ph.CO,,,,,
LowMedCC,LowMedRC,HighMedDC,fewAuth,lowMedJR,Newish,astro-ph.IM,physics.comp-ph,,,,
HighMedCC,HighMedRC,HighMedDC,tensAuths,lowJR,Newish,astro-ph.IM,,,,,
LowMedCC,HighMedRC,VeryHighDC,hundredsAuths,lowJR,Newish,astro-ph.SR,astro-ph.GA,,,,
HighMedCC,HighMedRC,HighMedDC,fewAuth,lowJR,Old,astro-ph.SR,,,,,
HighMedCC,HighMedRC,HighMedDC,hundredsAuths,lowMedJR,VeryOld,astro-ph.CO,,,,,
HighMedCC,HighMedRC,HighDC,tensAuths,lowMedJR,VeryOld,astro-ph.CO,,,,,
LowMedCC,LowMedRC,LowMedDC,hundredsAuths,lowMedJR,New,astro-ph.CO,hep-ph,,,,
LowCC,LowMedRC,HighMedDC,tensAuths,lowMedJR,New,astro-ph.EP,,,,,
HighMedCC,LowMedRC,LowMedDC,hundredsAuths,lowJR,Newish,astro-ph.CO,,,,,
HighMedCC,HighMedRC,HighMedDC,fewAuth,lowJR,Newish,astro-ph.SR,astro-ph.GA,astro-ph.IM,,,
HighMedCC,HighMedRC,VeryHighDC,tensAuths,veryHighJR,Old,astro-ph.EP,,,,,
HighMedCC,HighMedRC,HighMedDC,fewAuth,lowJR,Old,astro-ph.SR,astro-ph.IM,,,,
LowMedCC,LowMedRC,HighMedDC,fewAuth,highMedJR,Old,astro-ph.HE,,,,,
LowMedCC,LowMedRC,HighMedDC,fewAuth,highMedJR,Newish,astro-ph.HE,,,,,
LowMedCC,LowMedRC,HighMedDC,fewAuth,lowJR,Newish,astro-ph.GA,astro-ph.CO,,,,
HighMedCC,HighMedRC,VeryHighDC,tensAuths,lowJR,Newish,astro-ph.GA,astro-ph.CO,astro-ph.IM,,,
HighMedCC,LowMedRC,HighMedDC,hundredsAuths,lowMedJR,Newish,astro-ph.GA,astro-ph.IM,gr-qc,,,
LowMedCC,HighMedRC,VeryHighDC,fewAuth,lowJR,Old,astro-ph.GA,astro-ph.CO,,,,
LowMedCC,HighMedRC,VeryHighDC,fewAuth,highMedJR,VeryOld,astro-ph.CO,,,,,
HighMedCC,HighMedRC,HighMedDC,hundredsAuths,lowJR,Old,astro-ph.IM,,,,,
HighMedCC,HighMedRC,HighMedDC,hundredsAuths,lowJR,VeryOld,astro-ph.CO,,,,,
HighCC,LowRC,LowMedDC,fewAuth,lowMedJR,VeryOld,gr-qc,astro-ph.CO,hep-th,,,
HighMedCC,HighMedRC,VeryHighDC,fewAuth,lowJR,VeryOld,astro-ph.EP,,,,,
HighMedCC,HighMedRC,VeryHighDC,fewAuth,highMedJR,VeryOld,astro-ph.HE,,,,,
HighMedCC,HighMedRC,VeryHighDC,fewAuth,highMedJR,VeryOld,astro-ph.SR,,,,,
HighMedCC,HighMedRC,VeryHighDC,fewAuth,highMedJR,VeryOld,astro-ph.GA,astro-ph.CO,astro-ph.HE,,,
HighMedCC,HighMedRC,HighMedDC,fewAuth,lowMedJR,Old,astro-ph.GA,astro-ph.IM,,,,
HighMedCC,LowMedRC,LowMedDC,tensAuths,lowJR,Newish,astro-ph.GA,astro-ph.CO,astro-ph.IM,,,
HighMedCC,LowMedRC,HighMedDC,fewAuth,lowJR,Newish,astro-ph.GA,astro-ph.CO,,,,
HighMedCC,LowMedRC,HighMedDC,fewAuth,lowJR,Newish,astro-ph.GA,astro-ph.CO,,,,
LowCC,LowMedRC,HighMedDC,fewAuth,lowJR,New,astro-ph.GA,,,,,
LowCC,LowRC,LowMedDC,fewAuth,highMedJR,New,astro-ph.GA,,,,,
LowCC,LowMedRC,LowMedDC,tensAuths,lowJR,New,astro-ph.CO,astro-ph.GA,,,,
LowCC,LowRC,LowMedDC,fewAuth,lowJR,New,astro-ph.GA,astro-ph.SR,,,,
LowMedCC,LowMedRC,HighMedDC,fewAuth,lowJR,Newish,astro-ph.GA,astro-ph.HE,astro-ph.SR,,,
LowCC,LowMedRC,LowMedDC,tensAuths,lowMedJR,New,astro-ph.GA,,,,,
LowCC,LowRC,LowDC,hundredsAuths,lowJR,New,astro-ph.CO,,,,,
LowCC,LowMedRC,LowMedDC,tensAuths,lowMedJR,New,astro-ph.GA,,,,,
LowCC,LowMedRC,LowMedDC,tensAuths,veryHighJR,New,astro-ph.HE,astro-ph.CO,,,,
LowCC,LowRC,LowMedDC,tensAuths,lowJR,New,astro-ph.GA,,,,,
LowCC,LowRC,LowMedDC,tensAuths,lowJR,New,astro-ph.GA,astro-ph.CO,astro-ph.HE,,,
LowCC,LowRC,LowMedDC,tensAuths,lowJR,New,astro-ph.CO,astro-ph.HE,,,,
LowCC,LowMedRC,LowMedDC,tensAuths,lowJR,New,astro-ph.GA,,,,,
LowCC,LowRC,LowMedDC,tensAuths,lowMedJR,New,astro-ph.GA,,,,,
LowCC,LowRC,LowDC,fewAuth,lowJR,New,astro-ph.CO,,,,,
LowCC,LowMedRC,HighMedDC,tensAuths,lowMedJR,Newish,astro-ph.GA,astro-ph.CO,,,,
LowCC,LowRC,LowMedDC,hundredsAuths,lowJR,New,astro-ph.CO,,,,,
HighMedCC,HighMedRC,HighMedDC,fewAuth,lowJR,VeryOld,astro-ph.GA,,,,,
HighMedCC,HighMedRC,VeryHighDC,fewAuth,lowJR,VeryOld,astro-ph.CO,,,,,
HighCC,LowMedRC,HighMedDC,tensAuths,lowJR,VeryOld,astro-ph.IM,,,,,
HighMedCC,HighMedRC,HighMedDC,hundredsAuths,lowJR,VeryOld,astro-ph.IM,,,,,
HighMedCC,LowMedRC,LowMedDC,fewAuth,lowJR,Newish,astro-ph.GA,astro-ph.CO,,,,
LowMedCC,LowMedRC,HighMedDC,fewAuth,highMedJR,Newish,astro-ph.GA,astro-ph.CO,,,,
LowMedCC,LowMedRC,HighMedDC,fewAuth,lowJR,New,astro-ph.SR,astro-ph.EP,,,,
HighMedCC,HighMedRC,HighMedDC,tensAuths,lowJR,VeryOld,astro-ph.CO,,,,,
HighMedCC,LowMedRC,LowMedDC,tensAuths,lowJR,Old,astro-ph.IM,,,,,
LowMedCC,LowMedRC,HighMedDC,fewAuth,lowJR,VeryOld,astro-ph.EP,astro-ph.IM,math.DS,physics.comp-ph,,
LowMedCC,LowMedRC,HighMedDC,fewAuth,lowMedJR,New,astro-ph.GA,astro-ph.IM,,,,
HighMedCC,LowMedRC,LowMedDC,thousandsAuths,lowMedJR,New,gr-qc,astro-ph.HE,,,,
LowMedCC,LowMedRC,HighMedDC,tensAuths,lowJR,Newish,astro-ph.GA,,,,,
HighCC,LowMedRC,LowMedDC,hundredsAuths,lowJR,Old,astro-ph.CO,,,,,
HighMedCC,HighMedRC,VeryHighDC,fewAuth,lowJR,VeryOld,astro-ph.CO,astro-ph.GA,,,,
HighMedCC,LowMedRC,HighMedDC,hundredsAuths,lowMedJR,Newish,astro-ph.HE,,,,,
LowCC,HighMedRC,HighMedDC,fewAuth,lowJR,Old,astro-ph.EP,astro-ph.SR,,,,
HighMedCC,HighMedRC,HighMedDC,thousandsAuths,veryHighJR,Old,astro-ph.CO,,,,,
LowMedCC,LowMedRC,HighMedDC,fewAuth,highMedJR,Newish,astro-ph.GA,,,,,
HighMedCC,LowMedRC,HighMedDC,fewAuth,lowJR,Newish,astro-ph.CO,astro-ph.GA,,,,
HighMedCC,LowMedRC,HighMedDC,fewAuth,lowJR,Old,astro-ph.GA,,,,,
HighMedCC,LowMedRC,HighMedDC,fewAuth,veryHighJR,Newish,astro-ph.GA,,,,,
LowMedCC,HighMedRC,HighMedDC,tensAuths,lowJR,Newish,astro-ph.GA,,,,,
LowMedCC,LowMedRC,HighMedDC,fewAuth,highMedJR,Newish,astro-ph.GA,astro-ph.CO,,,,
HighMedCC,HighMedRC,VeryHighDC,tensAuths,lowMedJR,Old,astro-ph.SR,,,,,
HighCC,LowMedRC,LowMedDC,fewAuth,highMedJR,VeryOld,gr-qc,astro-ph.CO,hep-th,,,
HighMedCC,HighMedRC,VeryHighDC,fewAuth,highMedJR,VeryOld,astro-ph.GA,astro-ph.SR,,,,
HighMedCC,HighMedRC,HighDC,fewAuth,highMedJR,VeryOld,astro-ph.SR,astro-ph.GA,,,,
HighMedCC,HighMedRC,HighMedDC,tensAuths,lowJR,VeryOld,astro-ph.IM,astro-ph.EP,,,,
HighCC,LowMedRC,LowMedDC,fewAuth,lowJR,VeryOld,astro-ph.CO,,,,,
HighMedCC,LowMedRC,VeryHighDC,fewAuth,lowJR,Old,astro-ph.HE,astro-ph.SR,,,,
HighMedCC,HighMedRC,HighMedDC,hundredsAuths,lowJR,Old,astro-ph.GA,,,,,
LowCC,LowRC,LowDC,fewAuth,lowJR,New,astro-ph.GA,,,,,
HighCC,LowMedRC,LowMedDC,thousandsAuths,lowMedJR,Newish,gr-qc,astro-ph.HE,,,,
LowMedCC,LowMedRC,HighMedDC,fewAuth,highMedJR,Newish,astro-ph.GA,,,,,
HighMedCC,LowMedRC,LowMedDC,fewAuth,lowJR,New,astro-ph.CO,astro-ph.GA,gr-qc,hep-ph,,
HighMedCC,LowMedRC,HighMedDC,tensAuths,lowJR,New,astro-ph.CO,,,,,
LowMedCC,LowMedRC,HighMedDC,tensAuths,lowJR,New,astro-ph.HE,astro-ph.IM,,,,
LowCC,LowRC,LowMedDC,tensAuths,lowJR,New,astro-ph.GA,astro-ph.IM,,,,
LowCC,LowMedRC,LowMedDC,tensAuths,lowJR,New,astro-ph.SR,astro-ph.GA,,,,
LowCC,LowMedRC,LowMedDC,hundredsAuths,lowMedJR,New,astro-ph.HE,hep-ph,,,,
LowCC,LowRC,LowDC,tensAuths,veryHighJR,New,astro-ph.HE,astro-ph.CO,astro-ph.GA,astro-ph.SR,,
LowCC,LowRC,LowDC,tensAuths,veryHighJR,New,astro-ph.GA,,,,,
LowMedCC,LowRC,LowDC,tensAuths,lowJR,New,astro-ph.HE,astro-ph.CO,astro-ph.GA,,,
HighMedCC,LowMedRC,HighMedDC,tensAuths,lowJR,New,astro-ph.IM,,,,,
LowCC,LowRC,LowMedDC,tensAuths,lowJR,New,astro-ph.GA,,,,,
LowCC,LowMedRC,LowMedDC,tensAuths,lowJR,New,astro-ph.GA,,,,,
LowCC,LowRC,LowMedDC,tensAuths,veryHighJR,New,astro-ph.GA,,,,,
LowCC,LowRC,LowDC,tensAuths,lowMedJR,New,astro-ph.EP,astro-ph.SR,,,,
LowCC,LowRC,LowMedDC,tensAuths,lowJR,New,astro-ph.GA,,,,,
LowCC,LowMedRC,LowMedDC,tensAuths,lowJR,New,astro-ph.GA,astro-ph.CO,,,,
LowCC,LowRC,LowMedDC,tensAuths,lowJR,New,astro-ph.GA,astro-ph.CO,,,,
LowCC,LowRC,LowMedDC,tensAuths,lowJR,New,astro-ph.GA,,,,,
LowCC,LowRC,LowDC,tensAuths,lowJR,New,astro-ph.CO,,,,,
LowCC,LowMedRC,LowMedDC,fewAuth,lowMedJR,New,astro-ph.GA,astro-ph.HE,,,,
LowCC,LowRC,LowMedDC,tensAuths,lowJR,New,astro-ph.GA,,,,,
LowCC,LowMedRC,LowMedDC,tensAuths,lowMedJR,New,astro-ph.GA,,,,,
LowCC,LowRC,LowMedDC,tensAuths,lowMedJR,New,astro-ph.GA,,,,,
LowCC,LowRC,LowMedDC,tensAuths,lowJR,New,astro-ph.EP,,,,,
LowCC,LowMedRC,LowMedDC,fewAuth,lowJR,New,astro-ph.EP,astro-ph.SR,,,,
LowCC,LowRC,LowMedDC,fewAuth,lowMedJR,New,astro-ph.GA,,,,,
HighCC,LowMedRC,LowMedDC,thousandsAuths,lowMedJR,Old,gr-qc,astro-ph.HE,,,,
HighMedCC,LowMedRC,LowMedDC,hundredsAuths,lowJR,VeryOld,astro-ph.IM,,,,,
HighMedCC,HighMedRC,HighDC,fewAuth,highMedJR,VeryOld,astro-ph.GA,astro-ph.EP,astro-ph.SR,,,
HighMedCC,LowMedRC,LowMedDC,thousandsAuths,lowMedJR,Newish,astro-ph.HE,gr-qc,,,,
LowMedCC,LowMedRC,HighMedDC,fewAuth,lowJR,Newish,astro-ph.GA,astro-ph.CO,,,,
LowCC,LowMedRC,LowMedDC,fewAuth,lowJR,New,astro-ph.SR,,,,,
LowCC,LowMedRC,HighMedDC,tensAuths,lowJR,Newish,astro-ph.GA,astro-ph.CO,,,,
LowMedCC,LowMedRC,HighMedDC,thousandsAuths,highJR,Newish,astro-ph.HE,hep-ex,,,,
LowCC,LowMedRC,HighMedDC,tensAuths,lowMedJR,New,astro-ph.GA,,,,,
LowMedCC,LowMedRC,HighMedDC,fewAuth,lowJR,Newish,astro-ph.GA,,,,,
HighMedCC,HighMedRC,HighMedDC,fewAuth,lowJR,VeryOld,astro-ph.GA,astro-ph.CO,astro-ph.IM,,,
LowMedCC,LowMedRC,HighMedDC,fewAuth,lowJR,Old,astro-ph.GA,,,,,
HighMedCC,LowMedRC,HighMedDC,fewAuth,lowJR,VeryOld,astro-ph.CO,astro-ph.IM,,,,
HighMedCC,LowMedRC,HighMedDC,tensAuths,lowJR,Old,astro-ph.GA,,,,,
HighMedCC,HighMedRC,VeryHighDC,tensAuths,lowJR,VeryOld,astro-ph.GA,,,,,
HighMedCC,HighMedRC,HighDC,fewAuth,highMedJR,VeryOld,astro-ph.CO,,,,,
LowMedCC,LowMedRC,HighMedDC,tensAuths,lowJR,New,astro-ph.IM,,,,,
LowMedCC,LowMedRC,HighMedDC,tensAuths,lowJR,New,astro-ph.GA,astro-ph.SR,,,,
LowCC,LowMedRC,LowMedDC,hundredsAuths,lowMedJR,New,astro-ph.GA,,,,,
LowMedCC,LowMedRC,LowMedDC,fewAuth,lowJR,Newish,astro-ph.IM,,,,,
HighMedCC,LowMedRC,LowMedDC,hundredsAuths,lowJR,New,astro-ph.CO,,,,,
LowMedCC,LowMedRC,HighMedDC,fewAuth,highMedJR,Newish,astro-ph.GA,,,,,
LowMedCC,LowMedRC,LowMedDC,tensAuths,lowJR,Newish,astro-ph.IM,,,,,
LowMedCC,LowMedRC,HighMedDC,fewAuth,lowJR,Newish,astro-ph.GA,astro-ph.CO,astro-ph.HE,,,
HighMedCC,LowMedRC,LowMedDC,thousandsAuths,lowMedJR,Newish,astro-ph.HE,gr-qc,,,,
HighMedCC,HighMedRC,VeryHighDC,tensAuths,lowMedJR,Old,astro-ph.GA,astro-ph.CO,,,,
HighMedCC,HighMedRC,HighDC,tensAuths,lowJR,Old,astro-ph.CO,astro-ph.GA,,,,
LowMedCC,HighMedRC,HighMedDC,fewAuth,highMedJR,Old,astro-ph.GA,astro-ph.CO,astro-ph.HE,,,
HighCC,LowRC,LowDC,fewAuth,lowMedJR,Old,gr-qc,astro-ph.CO,hep-th,,,
HighMedCC,LowMedRC,HighMedDC,hundredsAuths,lowMedJR,Newish,astro-ph.GA,astro-ph.HE,gr-qc,,,
HighMedCC,LowMedRC,LowMedDC,hundredsAuths,lowMedJR,Newish,astro-ph.GA,astro-ph.HE,gr-qc,,,
LowCC,LowMedRC,HighMedDC,tensAuths,lowJR,Newish,astro-ph.GA,,,,,
HighMedCC,LowMedRC,LowMedDC,hundredsAuths,lowJR,Newish,astro-ph.CO,,,,,
HighMedCC,HighMedRC,VeryHighDC,fewAuth,lowJR,VeryOld,astro-ph.GA,,,,,
HighMedCC,HighMedRC,HighMedDC,hundredsAuths,lowJR,VeryOld,astro-ph.EP,,,,,
LowMedCC,HighMedRC,VeryHighDC,fewAuth,lowJR,VeryOld,astro-ph.IM,math.ST,,,,
HighMedCC,HighMedRC,VeryHighDC,tensAuths,lowJR,VeryOld,astro-ph.GA,,,,,
HighMedCC,HighMedRC,HighMedDC,hundredsAuths,lowJR,VeryOld,astro-ph.CO,,,,,
HighMedCC,HighMedRC,HighMedDC,hundredsAuths,lowMedJR,Old,astro-ph.HE,,,,,
HighMedCC,HighMedRC,VeryHighDC,fewAuth,lowJR,VeryOld,astro-ph.CO,,,,,
HighMedCC,LowMedRC,LowMedDC,fewAuth,lowJR,VeryOld,astro-ph.HE,astro-ph.CO,,,,
HighMedCC,HighMedRC,HighDC,tensAuths,lowJR,VeryOld,astro-ph.CO,,,,,
HighMedCC,HighMedRC,VeryHighDC,fewAuth,lowJR,VeryOld,astro-ph.CO,,,,,
LowMedCC,LowMedRC,HighMedDC,fewAuth,lowMedJR,VeryOld,astro-ph.GA,,,,,
HighMedCC,LowMedRC,HighMedDC,fewAuth,lowJR,Old,astro-ph.CO,astro-ph.GA,astro-ph.IM,physics.comp-ph,physics.flu-dyn,
LowCC,HighMedRC,HighMedDC,fewAuth,lowJR,Old,astro-ph.EP,,,,,
LowCC,LowMedRC,HighMedDC,tensAuths,lowJR,Old,astro-ph.EP,astro-ph.SR,,,,
LowMedCC,LowMedRC,HighMedDC,fewAuth,highMedJR,Old,astro-ph.GA,,,,,
HighMedCC,LowMedRC,HighMedDC,fewAuth,highMedJR,Old,astro-ph.HE,gr-qc,nucl-th,,,
LowCC,LowMedRC,LowMedDC,tensAuths,lowMedJR,New,astro-ph.GA,,,,,
LowCC,LowMedRC,HighMedDC,fewAuth,lowJR,New,astro-ph.SR,astro-ph.GA,,,,
LowCC,LowMedRC,LowMedDC,fewAuth,lowMedJR,New,astro-ph.GA,,,,,
LowCC,LowMedRC,LowMedDC,tensAuths,lowMedJR,New,astro-ph.GA,,,,,
LowCC,LowMedRC,LowMedDC,fewAuth,lowJR,New,astro-ph.GA,,,,,
LowCC,LowMedRC,LowMedDC,tensAuths,lowJR,New,astro-ph.GA,,,,,
LowCC,LowRC,LowDC,hundredsAuths,lowJR,New,astro-ph.IM,astro-ph.HE,,,,
LowCC,LowRC,LowDC,tensAuths,lowJR,New,astro-ph.GA,,,,,
LowCC,LowRC,LowDC,hundredsAuths,lowJR,New,astro-ph.IM,astro-ph.CO,astro-ph.EP,astro-ph.GA,astro-ph.SR,
LowCC,LowRC,LowDC,tensAuths,lowJR,New,astro-ph.GA,astro-ph.CO,astro-ph.IM,,,
LowCC,LowRC,LowMedDC,hundredsAuths,lowMedJR,New,astro-ph.HE,astro-ph.CO,gr-qc,,,
LowCC,LowMedRC,LowMedDC,tensAuths,veryHighJR,New,astro-ph.GA,,,,,
LowCC,LowMedRC,LowMedDC,tensAuths,veryHighJR,New,astro-ph.GA,,,,,
LowCC,LowMedRC,LowMedDC,hundredsAuths,lowMedJR,New,astro-ph.EP,astro-ph.SR,,,,
LowCC,LowRC,LowMedDC,hundredsAuths,lowMedJR,New,astro-ph.CO,,,,,
LowCC,LowMedRC,LowMedDC,hundredsAuths,lowMedJR,New,astro-ph.EP,astro-ph.IM,astro-ph.SR,,,
LowCC,LowMedRC,LowMedDC,hundredsAuths,lowJR,New,astro-ph.IM,,,,,
LowCC,LowMedRC,LowMedDC,tensAuths,lowJR,New,astro-ph.GA,,,,,
LowCC,LowRC,LowMedDC,fewAuth,lowJR,New,astro-ph.GA,,,,,
LowCC,LowMedRC,LowMedDC,thousandsAuths,lowJR,New,astro-ph.IM,,,,,
LowCC,LowRC,LowMedDC,tensAuths,lowMedJR,New,astro-ph.GA,astro-ph.HE,,,,
LowCC,LowRC,LowMedDC,tensAuths,lowJR,New,astro-ph.GA,,,,,
LowCC,LowRC,LowDC,thousandsAuths,lowMedJR,New,astro-ph.HE,gr-qc,,,,
LowCC,LowMedRC,LowMedDC,tensAuths,lowMedJR,New,astro-ph.SR,astro-ph.EP,astro-ph.HE,astro-ph.IM,,
LowCC,LowMedRC,LowMedDC,fewAuth,lowJR,New,astro-ph.GA,,,,,
LowCC,LowMedRC,LowMedDC,tensAuths,lowJR,New,astro-ph.GA,,,,,
LowCC,LowMedRC,LowMedDC,tensAuths,veryHighJR,New,astro-ph.EP,astro-ph.IM,astro-ph.SR,,,
LowCC,LowRC,LowDC,tensAuths,lowMedJR,New,astro-ph.GA,,,,,
LowCC,LowRC,LowDC,tensAuths,lowJR,New,astro-ph.GA,,,,,
LowCC,LowMedRC,HighMedDC,fewAuth,lowJR,New,astro-ph.SR,astro-ph.EP,,,,
LowCC,LowRC,LowDC,fewAuth,lowMedJR,New,astro-ph.GA,astro-ph.SR,,,,
HighMedCC,HighMedRC,HighMedDC,tensAuths,lowJR,VeryOld,astro-ph.CO,,,,,
HighMedCC,HighMedRC,VeryHighDC,fewAuth,lowJR,VeryOld,astro-ph.CO,,,,,
HighMedCC,HighMedRC,VeryHighDC,fewAuth,highMedJR,VeryOld,astro-ph.GA,astro-ph.CO,,,,
HighMedCC,LowRC,LowDC,fewAuth,lowJR,VeryOld,hep-th,astro-ph.CO,gr-qc,hep-ph,,
HighMedCC,LowRC,LowDC,fewAuth,lowJR,VeryOld,astro-ph.CO,,,,,
HighMedCC,HighMedRC,VeryHighDC,tensAuths,veryHighJR,VeryOld,astro-ph.CO,,,,,
HighMedCC,LowMedRC,HighMedDC,fewAuth,lowJR,VeryOld,astro-ph.CO,,,,,
HighMedCC,HighMedRC,HighMedDC,fewAuth,lowMedJR,VeryOld,astro-ph.IM,astro-ph.CO,,,,
LowMedCC,LowMedRC,HighMedDC,tensAuths,lowJR,Newish,astro-ph.GA,gr-qc,physics.class-ph,,,
LowCC,LowMedRC,LowMedDC,fewAuth,highMedJR,New,astro-ph.HE,,,,,
HighMedCC,LowMedRC,LowMedDC,fewAuth,lowJR,Newish,astro-ph.CO,,,,,
LowMedCC,LowMedRC,LowMedDC,fewAuth,veryHighJR,Newish,astro-ph.HE,,,,,
HighMedCC,HighMedRC,HighMedDC,fewAuth,veryHighJR,VeryOld,astro-ph.CO,,,,,
LowCC,LowMedRC,LowMedDC,tensAuths,veryHighJR,New,astro-ph.HE,,,,,
LowMedCC,LowMedRC,LowMedDC,tensAuths,lowJR,New,astro-ph.IM,,,,,
LowMedCC,LowMedRC,LowMedDC,tensAuths,lowJR,New,astro-ph.CO,,,,,
LowMedCC,LowRC,LowDC,tensAuths,lowJR,New,astro-ph.IM,astro-ph.GA,astro-ph.HE,astro-ph.SR,,
LowMedCC,LowMedRC,HighMedDC,fewAuth,lowJR,Old,astro-ph.SR,astro-ph.GA,,,,
HighMedCC,LowMedRC,LowMedDC,tensAuths,lowMedJR,Newish,astro-ph.HE,,,,,
HighMedCC,LowMedRC,LowMedDC,tensAuths,lowJR,Newish,astro-ph.CO,astro-ph.GA,,,,
HighMedCC,LowMedRC,HighMedDC,hundredsAuths,lowJR,Newish,astro-ph.IM,,,,,
LowMedCC,LowMedRC,HighMedDC,fewAuth,highMedJR,Newish,astro-ph.GA,astro-ph.CO,,,,
HighMedCC,LowMedRC,LowMedDC,fewAuth,lowJR,Old,astro-ph.CO,astro-ph.GA,hep-ph,hep-th,,
HighMedCC,LowMedRC,LowMedDC,tensAuths,lowJR,Old,astro-ph.CO,gr-qc,hep-ph,hep-th,,
LowCC,LowMedRC,HighMedDC,fewAuth,lowJR,Newish,astro-ph.SR,,,,,
HighMedCC,LowRC,LowDC,hundredsAuths,lowMedJR,Newish,astro-ph.CO,astro-ph.IM,hep-ex,hep-ph,physics.ins-det,
LowMedCC,LowMedRC,LowMedDC,fewAuth,lowJR,Newish,astro-ph.GA,astro-ph.IM,,,,
LowMedCC,LowMedRC,HighMedDC,fewAuth,highMedJR,Newish,astro-ph.GA,astro-ph.SR,,,,
LowCC,LowMedRC,HighMedDC,fewAuth,highMedJR,Newish,astro-ph.GA,astro-ph.CO,,,,
LowCC,LowMedRC,HighMedDC,tensAuths,lowJR,Newish,astro-ph.IM,astro-ph.EP,astro-ph.GA,astro-ph.HE,astro-ph.SR,
HighMedCC,LowMedRC,LowMedDC,tensAuths,lowMedJR,Newish,astro-ph.HE,astro-ph.SR,nucl-th,,,
HighMedCC,LowMedRC,LowMedDC,tensAuths,lowMedJR,Newish,astro-ph.HE,nucl-th,,,,
LowMedCC,LowMedRC,LowMedDC,fewAuth,lowJR,Old,astro-ph.GA,,,,,
HighMedCC,LowMedRC,LowMedDC,thousandsAuths,lowMedJR,Old,gr-qc,astro-ph.HE,,,,
LowMedCC,HighMedRC,HighMedDC,tensAuths,highMedJR,VeryOld,astro-ph.HE,astro-ph.SR,,,,
LowMedCC,LowMedRC,LowMedDC,fewAuth,lowJR,Old,astro-ph.EP,,,,,
LowMedCC,LowMedRC,HighMedDC,fewAuth,lowJR,Old,astro-ph.GA,,,,,
LowMedCC,HighMedRC,VeryHighDC,fewAuth,lowJR,VeryOld,astro-ph.IM,physics.data-an,,,,
HighMedCC,HighMedRC,VeryHighDC,fewAuth,lowMedJR,VeryOld,astro-ph.CO,,,,,
HighMedCC,LowRC,LowDC,fewAuth,lowJR,VeryOld,gr-qc,astro-ph.CO,hep-th,,,
HighMedCC,LowRC,LowDC,fewAuth,lowJR,VeryOld,gr-qc,astro-ph.CO,hep-th,,,
HighMedCC,LowMedRC,HighMedDC,tensAuths,lowJR,VeryOld,astro-ph.IM,,,,,
LowMedCC,LowMedRC,HighMedDC,fewAuth,highMedJR,VeryOld,astro-ph.SR,astro-ph.HE,,,,
HighMedCC,HighMedRC,VeryHighDC,fewAuth,highJR,VeryOld,astro-ph.GA,,,,,
LowMedCC,HighMedRC,VeryHighDC,tensAuths,veryHighJR,Old,astro-ph.EP,,,,,
LowMedCC,LowMedRC,LowMedDC,tensAuths,lowMedJR,Newish,astro-ph.IM,astro-ph.HE,gr-qc,,,
LowCC,LowMedRC,HighMedDC,fewAuth,highMedJR,Newish,astro-ph.GA,,,,,
LowMedCC,LowMedRC,LowMedDC,fewAuth,highJR,New,astro-ph.HE,nucl-ex,nucl-th,,,
LowCC,LowRC,LowMedDC,tensAuths,lowMedJR,New,astro-ph.GA,astro-ph.CO,,,,
LowCC,LowMedRC,LowMedDC,hundredsAuths,lowJR,New,astro-ph.SR,astro-ph.EP,astro-ph.GA,astro-ph.IM,,
LowCC,LowRC,LowDC,tensAuths,lowJR,New,astro-ph.EP,astro-ph.SR,,,,
LowCC,LowRC,LowMedDC,fewAuth,lowJR,New,astro-ph.GA,,,,,
LowCC,LowRC,LowMedDC,tensAuths,lowJR,New,astro-ph.GA,,,,,
LowCC,LowRC,LowMedDC,tensAuths,lowJR,New,astro-ph.EP,astro-ph.SR,,,,
LowCC,LowRC,LowMedDC,fewAuth,lowMedJR,New,astro-ph.GA,astro-ph.CO,astro-ph.HE,,,
LowCC,LowRC,LowMedDC,tensAuths,lowJR,New,astro-ph.GA,,,,,
LowCC,LowRC,LowMedDC,tensAuths,lowJR,New,astro-ph.GA,,,,,
LowCC,LowMedRC,LowMedDC,fewAuth,lowMedJR,New,astro-ph.CO,astro-ph.GA,,,,
LowCC,LowRC,LowDC,tensAuths,lowMedJR,New,astro-ph.EP,,,,,
LowCC,LowRC,LowDC,tensAuths,highJR,New,astro-ph.HE,gr-qc,nucl-th,,,
LowCC,LowRC,LowDC,tensAuths,lowJR,New,astro-ph.GA,astro-ph.IM,,,,
LowCC,LowRC,LowMedDC,tensAuths,veryHighJR,New,astro-ph.GA,,,,,
LowCC,LowRC,LowMedDC,fewAuth,lowMedJR,New,astro-ph.SR,astro-ph.GA,astro-ph.HE,,,
LowMedCC,LowRC,LowDC,tensAuths,lowJR,New,astro-ph.HE,astro-ph.CO,astro-ph.GA,astro-ph.SR,gr-qc,
LowCC,LowMedRC,LowMedDC,hundredsAuths,lowMedJR,New,astro-ph.EP,,,,,
LowCC,LowMedRC,LowMedDC,hundredsAuths,veryHighJR,New,astro-ph.EP,,,,,
LowCC,LowRC,LowDC,tensAuths,lowJR,New,astro-ph.GA,,,,,
LowCC,LowMedRC,LowMedDC,tensAuths,lowJR,New,astro-ph.EP,astro-ph.SR,,,,
LowCC,LowMedRC,LowMedDC,fewAuth,lowJR,New,astro-ph.GA,,,,,
LowCC,LowMedRC,LowMedDC,tensAuths,veryHighJR,New,astro-ph.GA,,,,,
LowCC,LowRC,LowDC,tensAuths,veryHighJR,New,astro-ph.HE,astro-ph.CO,astro-ph.GA,,,
LowCC,LowRC,LowDC,tensAuths,veryHighJR,New,astro-ph.GA,,,,,
LowCC,LowRC,LowDC,hundredsAuths,lowJR,New,astro-ph.GA,astro-ph.SR,,,,
LowCC,LowRC,LowMedDC,fewAuth,highMedJR,New,astro-ph.SR,,,,,
LowCC,LowRC,LowDC,fewAuth,lowJR,New,astro-ph.GA,astro-ph.CO,,,,
LowMedCC,LowRC,LowDC,tensAuths,lowMedJR,New,astro-ph.HE,astro-ph.CO,astro-ph.GA,gr-qc,,
LowCC,LowRC,LowMedDC,tensAuths,veryHighJR,New,astro-ph.GA,,,,,
LowCC,LowRC,LowDC,hundredsAuths,lowMedJR,New,astro-ph.HE,astro-ph.GA,astro-ph.IM,,,
LowCC,LowRC,LowMedDC,tensAuths,lowJR,New,astro-ph.GA,,,,,
LowCC,LowRC,LowDC,tensAuths,lowJR,New,astro-ph.SR,astro-ph.GA,,,,
LowCC,LowRC,LowMedDC,fewAuth,lowJR,New,astro-ph.GA,,,,,
LowCC,LowRC,LowDC,tensAuths,lowMedJR,New,astro-ph.EP,,,,,
LowCC,LowMedRC,LowMedDC,tensAuths,lowJR,New,astro-ph.SR,astro-ph.GA,,,,
LowCC,LowRC,LowDC,tensAuths,lowJR,New,astro-ph.GA,,,,,
LowCC,LowRC,LowDC,fewAuth,lowMedJR,New,astro-ph.GA,astro-ph.CO,,,,
LowCC,LowRC,LowMedDC,fewAuth,highMedJR,New,astro-ph.SR,astro-ph.GA,astro-ph.HE,,,
LowCC,LowRC,LowDC,tensAuths,lowJR,New,astro-ph.GA,,,,,
LowCC,LowRC,LowMedDC,hundredsAuths,lowJR,New,astro-ph.HE,,,,,
LowCC,LowMedRC,LowMedDC,tensAuths,lowMedJR,New,astro-ph.GA,astro-ph.CO,,,,
LowCC,LowMedRC,LowMedDC,tensAuths,lowJR,New,astro-ph.EP,astro-ph.SR,,,,
LowCC,LowMedRC,LowMedDC,fewAuth,highMedJR,New,astro-ph.GA,,,,,
LowCC,LowRC,LowDC,tensAuths,lowMedJR,New,astro-ph.SR,astro-ph.HE,,,,
LowMedCC,LowRC,LowMedDC,hundredsAuths,lowMedJR,New,astro-ph.HE,astro-ph.CO,gr-qc,hep-ph,,
LowMedCC,LowMedRC,HighMedDC,tensAuths,lowMedJR,Old,astro-ph.HE,astro-ph.CO,astro-ph.GA,,,
HighMedCC,LowMedRC,HighMedDC,tensAuths,lowJR,VeryOld,astro-ph.CO,,,,,
HighMedCC,LowMedRC,LowMedDC,hundredsAuths,lowJR,VeryOld,astro-ph.CO,,,,,
LowCC,LowMedRC,LowDC,fewAuth,lowJR,Newish,astro-ph.SR,astro-ph.GA,,,,
HighMedCC,HighMedRC,HighMedDC,hundredsAuths,lowMedJR,VeryOld,astro-ph.IM,astro-ph.CO,,,,
HighMedCC,HighMedRC,HighMedDC,tensAuths,lowJR,VeryOld,astro-ph.CO,,,,,
HighMedCC,LowMedRC,HighMedDC,fewAuth,lowJR,VeryOld,astro-ph.HE,astro-ph.CO,,,,
LowMedCC,LowMedRC,VeryHighDC,tensAuths,lowJR,VeryOld,astro-ph.CO,,,,,
HighMedCC,HighMedRC,VeryHighDC,fewAuth,lowJR,VeryOld,astro-ph.CO,,,,,
LowMedCC,HighMedRC,VeryHighDC,hundredsAuths,lowJR,VeryOld,astro-ph.CO,,,,,
HighMedCC,HighMedRC,VeryHighDC,fewAuth,highMedJR,VeryOld,astro-ph.CO,,,,,
LowMedCC,LowMedRC,HighMedDC,fewAuth,highMedJR,VeryOld,astro-ph.CO,,,,,
HighMedCC,HighMedRC,HighMedDC,hundredsAuths,lowMedJR,VeryOld,astro-ph.HE,,,,,
LowMedCC,LowMedRC,HighMedDC,fewAuth,lowJR,Old,astro-ph.GA,astro-ph.CO,,,,
LowMedCC,LowMedRC,HighMedDC,tensAuths,lowMedJR,Newish,astro-ph.EP,astro-ph.GA,astro-ph.SR,,,
LowCC,LowMedRC,HighMedDC,fewAuth,highMedJR,Newish,astro-ph.GA,,,,,
LowMedCC,LowMedRC,LowMedDC,tensAuths,veryHighJR,Newish,astro-ph.HE,,,,,
LowCC,LowMedRC,LowMedDC,fewAuth,lowMedJR,New,astro-ph.EP,,,,,
LowCC,LowMedRC,LowMedDC,fewAuth,lowJR,VeryOld,astro-ph.EP,,,,,
HighMedCC,LowRC,LowMedDC,fewAuth,lowJR,Old,astro-ph.CO,,,,,
LowMedCC,LowMedRC,VeryHighDC,fewAuth,lowJR,VeryOld,astro-ph.CO,,,,,
HighMedCC,LowMedRC,HighMedDC,fewAuth,highMedJR,VeryOld,astro-ph.HE,,,,,
LowMedCC,LowMedRC,LowMedDC,fewAuth,lowMedJR,New,astro-ph.CO,gr-qc,hep-ph,hep-th,,
LowCC,LowMedRC,LowMedDC,hundredsAuths,lowJR,New,astro-ph.SR,astro-ph.GA,,,,
LowCC,LowMedRC,LowMedDC,tensAuths,lowMedJR,New,astro-ph.SR,,,,,
LowCC,LowMedRC,LowMedDC,hundredsAuths,lowJR,New,astro-ph.GA,astro-ph.CO,astro-ph.HE,astro-ph.IM,,
LowCC,LowMedRC,LowMedDC,fewAuth,highJR,New,astro-ph.EP,,,,,
LowMedCC,LowMedRC,LowMedDC,tensAuths,lowJR,New,astro-ph.IM,,,,,
LowCC,LowMedRC,LowMedDC,tensAuths,lowJR,New,astro-ph.EP,,,,,
LowMedCC,LowMedRC,LowMedDC,tensAuths,lowJR,Newish,astro-ph.IM,astro-ph.GA,astro-ph.HE,,,
LowCC,LowMedRC,HighMedDC,fewAuth,lowMedJR,Newish,astro-ph.IM,physics.data-an,stat.CO,,,
LowCC,LowMedRC,HighMedDC,fewAuth,highMedJR,Newish,astro-ph.GA,,,,,
LowMedCC,LowMedRC,LowMedDC,fewAuth,veryHighJR,Old,astro-ph.HE,,,,,
LowMedCC,HighMedRC,HighMedDC,tensAuths,veryHighJR,Old,astro-ph.EP,,,,,
LowMedCC,LowMedRC,HighMedDC,tensAuths,lowJR,Old,astro-ph.SR,astro-ph.GA,,,,
LowMedCC,LowMedRC,HighMedDC,fewAuth,highMedJR,Newish,astro-ph.SR,astro-ph.GA,,,,
LowMedCC,LowMedRC,HighMedDC,tensAuths,lowJR,Newish,astro-ph.GA,,,,,
HighMedCC,LowMedRC,LowMedDC,fewAuth,lowJR,Newish,astro-ph.GA,,,,,
LowCC,LowMedRC,LowMedDC,fewAuth,lowMedJR,Newish,astro-ph.SR,astro-ph.GA,,,,
LowCC,LowMedRC,HighMedDC,fewAuth,highMedJR,Newish,astro-ph.EP,astro-ph.SR,,,,
LowCC,LowMedRC,LowMedDC,fewAuth,lowJR,Newish,astro-ph.SR,astro-ph.GA,,,,
LowMedCC,LowMedRC,HighMedDC,fewAuth,highMedJR,Old,astro-ph.GA,,,,,
HighMedCC,LowMedRC,LowMedDC,tensAuths,lowMedJR,Old,astro-ph.HE,,,,,
HighMedCC,LowMedRC,LowMedDC,hundredsAuths,lowJR,Newish,astro-ph.CO,,,,,
HighMedCC,LowMedRC,LowMedDC,thousandsAuths,highMedJR,Newish,gr-qc,astro-ph.HE,,,,
LowCC,LowMedRC,LowMedDC,hundredsAuths,lowJR,Newish,astro-ph.HE,,,,,
LowMedCC,LowMedRC,HighMedDC,tensAuths,lowJR,Newish,astro-ph.EP,astro-ph.SR,,,,
LowMedCC,LowMedRC,HighMedDC,fewAuth,highMedJR,Newish,astro-ph.EP,,,,,
LowMedCC,LowMedRC,HighMedDC,hundredsAuths,lowJR,Newish,astro-ph.EP,,,,,
LowMedCC,LowMedRC,HighMedDC,fewAuth,highMedJR,VeryOld,astro-ph.SR,,,,,
HighMedCC,HighMedRC,VeryHighDC,tensAuths,lowMedJR,VeryOld,astro-ph.EP,,,,,
LowMedCC,HighMedRC,VeryHighDC,tensAuths,lowJR,VeryOld,astro-ph.CO,,,,,
LowMedCC,LowMedRC,HighMedDC,fewAuth,lowMedJR,Old,astro-ph.HE,,,,,
LowMedCC,HighMedRC,VeryHighDC,tensAuths,lowMedJR,VeryOld,astro-ph.GA,astro-ph.CO,,,,
HighMedCC,HighMedRC,VeryHighDC,fewAuth,lowJR,VeryOld,astro-ph.CO,,,,,
LowMedCC,LowMedRC,HighMedDC,fewAuth,lowJR,VeryOld,astro-ph.SR,,,,,
HighMedCC,HighMedRC,HighMedDC,tensAuths,lowMedJR,VeryOld,astro-ph.CO,gr-qc,hep-ph,hep-th,,
LowMedCC,HighMedRC,VeryHighDC,tensAuths,lowJR,VeryOld,astro-ph.GA,astro-ph.CO,,,,
HighMedCC,HighMedRC,HighMedDC,fewAuth,lowJR,VeryOld,astro-ph.CO,astro-ph.GA,,,,
LowMedCC,LowMedRC,HighMedDC,tensAuths,lowJR,VeryOld,astro-ph.CO,,,,,
LowMedCC,LowMedRC,HighMedDC,fewAuth,lowJR,VeryOld,astro-ph.GA,astro-ph.CO,,,,
HighMedCC,HighMedRC,HighMedDC,hundredsAuths,lowMedJR,VeryOld,astro-ph.IM,,,,,
HighMedCC,LowMedRC,HighMedDC,fewAuth,lowJR,VeryOld,astro-ph.HE,astro-ph.CO,,,,
LowMedCC,LowMedRC,HighMedDC,tensAuths,lowJR,VeryOld,astro-ph.IM,,,,,
LowMedCC,LowMedRC,HighMedDC,fewAuth,lowJR,VeryOld,astro-ph.SR,,,,,
LowMedCC,HighMedRC,VeryHighDC,fewAuth,lowJR,VeryOld,astro-ph.CO,,,,,
LowMedCC,HighMedRC,VeryHighDC,fewAuth,lowJR,VeryOld,astro-ph.CO,,,,,
LowMedCC,HighMedRC,VeryHighDC,tensAuths,lowJR,VeryOld,astro-ph.CO,,,,,
HighMedCC,LowMedRC,LowMedDC,tensAuths,lowJR,VeryOld,astro-ph.SR,,,,,
LowMedCC,LowMedRC,HighMedDC,fewAuth,lowJR,Old,astro-ph.EP,,,,,
LowMedCC,HighMedRC,HighMedDC,fewAuth,lowJR,Old,astro-ph.EP,astro-ph.SR,,,,
LowMedCC,LowMedRC,LowMedDC,tensAuths,lowMedJR,New,astro-ph.HE,astro-ph.CO,astro-ph.IM,,,
HighMedCC,LowMedRC,LowMedDC,thousandsAuths,lowMedJR,Newish,gr-qc,astro-ph.HE,,,,
LowMedCC,LowMedRC,HighMedDC,fewAuth,lowJR,Newish,astro-ph.GA,,,,,
HighMedCC,LowMedRC,HighMedDC,tensAuths,veryHighJR,Newish,astro-ph.GA,astro-ph.CO,,,,
LowCC,LowRC,LowDC,tensAuths,lowJR,New,astro-ph.HE,astro-ph.SR,,,,
LowCC,LowRC,LowDC,fewAuth,lowJR,New,astro-ph.CO,astro-ph.GA,,,,
LowCC,LowRC,LowDC,hundredsAuths,veryHighJR,New,astro-ph.EP,,,,,
LowCC,LowRC,LowDC,tensAuths,veryHighJR,New,astro-ph.EP,,,,,
LowCC,LowRC,LowDC,tensAuths,lowJR,New,astro-ph.EP,,,,,
LowCC,LowMedRC,LowMedDC,tensAuths,lowMedJR,New,astro-ph.EP,astro-ph.SR,,,,
LowCC,LowRC,LowMedDC,fewAuth,lowJR,New,astro-ph.GA,astro-ph.HE,,,,
LowCC,LowRC,LowDC,tensAuths,lowJR,New,astro-ph.GA,,,,,
LowCC,LowMedRC,LowMedDC,tensAuths,veryHighJR,New,astro-ph.EP,astro-ph.SR,,,,
LowCC,LowRC,LowMedDC,hundredsAuths,lowJR,New,astro-ph.GA,,,,,
LowCC,LowRC,LowMedDC,tensAuths,lowJR,New,astro-ph.GA,,,,,
LowCC,LowMedRC,LowMedDC,tensAuths,lowJR,New,astro-ph.GA,,,,,
LowCC,LowRC,LowMedDC,tensAuths,veryHighJR,New,astro-ph.EP,astro-ph.IM,,,,
LowCC,LowRC,LowMedDC,tensAuths,veryHighJR,New,astro-ph.GA,,,,,
LowCC,LowRC,LowMedDC,tensAuths,lowJR,New,astro-ph.GA,,,,,
LowCC,LowRC,LowDC,fewAuth,lowJR,New,astro-ph.GA,astro-ph.HE,,,,
LowCC,LowRC,LowMedDC,tensAuths,lowJR,New,astro-ph.GA,,,,,
LowCC,LowRC,LowDC,fewAuth,veryHighJR,New,astro-ph.EP,,,,,
LowCC,LowRC,LowDC,tensAuths,lowJR,New,astro-ph.GA,astro-ph.CO,,,,
LowCC,LowRC,LowDC,tensAuths,lowJR,New,astro-ph.GA,,,,,
LowCC,LowRC,LowMedDC,tensAuths,lowJR,New,astro-ph.GA,,,,,
LowCC,LowMedRC,LowMedDC,fewAuth,lowJR,New,astro-ph.GA,,,,,
LowCC,LowMedRC,LowMedDC,fewAuth,lowJR,New,astro-ph.GA,astro-ph.SR,,,,
LowCC,LowRC,LowMedDC,fewAuth,highMedJR,New,astro-ph.CO,astro-ph.GA,astro-ph.SR,,,
LowCC,LowRC,LowDC,fewAuth,lowJR,New,astro-ph.GA,astro-ph.HE,,,,
LowCC,LowRC,LowDC,tensAuths,lowJR,New,astro-ph.GA,,,,,
LowCC,LowMedRC,LowMedDC,tensAuths,lowMedJR,New,astro-ph.GA,,,,,
LowCC,LowRC,LowMedDC,fewAuth,lowJR,New,astro-ph.HE,,,,,
LowCC,LowRC,LowMedDC,fewAuth,highMedJR,New,astro-ph.GA,astro-ph.CO,,,,
LowCC,LowRC,LowMedDC,tensAuths,lowMedJR,New,astro-ph.GA,,,,,
LowCC,LowRC,LowDC,tensAuths,lowMedJR,New,astro-ph.GA,,,,,
LowCC,LowMedRC,LowMedDC,tensAuths,lowJR,New,astro-ph.GA,,,,,
LowCC,LowRC,LowDC,tensAuths,lowJR,New,astro-ph.GA,,,,,
LowCC,LowRC,LowDC,tensAuths,lowJR,New,astro-ph.EP,,,,,
LowCC,LowRC,LowDC,fewAuth,lowJR,New,astro-ph.GA,astro-ph.CO,,,,
LowCC,LowRC,LowMedDC,tensAuths,lowMedJR,New,astro-ph.EP,,,,,
LowCC,LowRC,LowMedDC,fewAuth,lowJR,New,astro-ph.GA,,,,,
LowCC,LowRC,LowDC,fewAuth,lowJR,New,astro-ph.CO,gr-qc,hep-ph,,,
LowCC,LowMedRC,LowMedDC,fewAuth,lowJR,New,astro-ph.GA,,,,,
LowCC,LowRC,LowMedDC,tensAuths,lowJR,New,astro-ph.GA,,,,,
LowCC,LowRC,LowDC,tensAuths,lowJR,New,astro-ph.GA,astro-ph.CO,,,,
LowCC,LowRC,LowMedDC,tensAuths,lowJR,New,astro-ph.GA,,,,,
LowCC,LowMedRC,LowMedDC,fewAuth,lowJR,New,astro-ph.GA,,,,,
LowCC,LowRC,LowDC,fewAuth,highMedJR,New,astro-ph.GA,,,,,
LowCC,LowRC,LowMedDC,tensAuths,lowJR,New,astro-ph.GA,,,,,
LowCC,LowRC,LowMedDC,tensAuths,lowJR,New,astro-ph.GA,,,,,
LowCC,LowRC,LowDC,tensAuths,veryHighJR,New,astro-ph.SR,astro-ph.EP,,,,
LowCC,LowRC,LowDC,fewAuth,lowJR,New,astro-ph.GA,,,,,
LowCC,LowRC,LowMedDC,tensAuths,lowMedJR,New,astro-ph.CO,astro-ph.GA,astro-ph.HE,gr-qc,,
LowCC,LowMedRC,LowMedDC,fewAuth,lowMedJR,New,astro-ph.GA,astro-ph.CO,astro-ph.HE,,,
LowCC,LowMedRC,LowMedDC,tensAuths,lowMedJR,New,astro-ph.GA,astro-ph.EP,astro-ph.SR,,,
LowCC,LowRC,LowMedDC,tensAuths,lowJR,New,astro-ph.CO,gr-qc,,,,
LowCC,LowRC,LowDC,fewAuth,lowJR,New,astro-ph.CO,astro-ph.GA,hep-ph,,,
LowCC,LowRC,LowMedDC,fewAuth,lowJR,New,astro-ph.GA,,,,,
LowCC,LowRC,LowDC,tensAuths,lowJR,New,astro-ph.GA,astro-ph.CO,,,,
LowCC,LowRC,LowDC,fewAuth,lowMedJR,New,astro-ph.SR,astro-ph.EP,astro-ph.GA,,,
HighMedCC,LowMedRC,LowMedDC,tensAuths,lowMedJR,New,astro-ph.HE,gr-qc,nucl-ex,nucl-th,,
HighMedCC,LowRC,LowDC,hundredsAuths,lowMedJR,VeryOld,astro-ph.CO,astro-ph.IM,hep-ex,physics.ins-det,,
HighMedCC,LowRC,LowDC,hundredsAuths,lowMedJR,Old,astro-ph.CO,astro-ph.IM,hep-ex,physics.ins-det,,
HighMedCC,LowMedRC,HighMedDC,tensAuths,lowJR,VeryOld,astro-ph.CO,,,,,
LowMedCC,HighMedRC,HighMedDC,fewAuth,lowJR,VeryOld,astro-ph.CO,,,,,
LowMedCC,LowMedRC,LowMedDC,fewAuth,lowJR,VeryOld,astro-ph.EP,astro-ph.SR,,,,
LowMedCC,LowMedRC,HighMedDC,fewAuth,lowJR,VeryOld,astro-ph.SR,astro-ph.HE,,,,
HighMedCC,HighMedRC,HighMedDC,fewAuth,lowJR,VeryOld,astro-ph.CO,,,,,
LowMedCC,LowMedRC,HighMedDC,fewAuth,lowJR,VeryOld,astro-ph.CO,,,,,
LowMedCC,LowMedRC,HighMedDC,fewAuth,lowJR,VeryOld,astro-ph.SR,,,,,
HighMedCC,LowMedRC,HighMedDC,fewAuth,lowMedJR,VeryOld,astro-ph.SR,gr-qc,hep-ph,nucl-th,,
LowMedCC,LowMedRC,LowMedDC,fewAuth,lowJR,VeryOld,astro-ph.EP,,,,,
HighMedCC,LowMedRC,HighMedDC,tensAuths,lowMedJR,VeryOld,astro-ph.EP,astro-ph.IM,,,,
LowMedCC,HighMedRC,VeryHighDC,tensAuths,lowJR,VeryOld,astro-ph.GA,astro-ph.CO,,,,
HighMedCC,LowMedRC,HighMedDC,tensAuths,lowMedJR,VeryOld,astro-ph.CO,,,,,
HighMedCC,LowMedRC,LowMedDC,fewAuth,veryHighJR,Newish,astro-ph.CO,astro-ph.IM,,,,
LowCC,LowMedRC,LowMedDC,fewAuth,lowJR,Newish,astro-ph.GA,,,,,
LowCC,LowMedRC,LowMedDC,tensAuths,lowMedJR,New,astro-ph.EP,astro-ph.GA,astro-ph.IM,astro-ph.SR,,
LowMedCC,LowMedRC,HighMedDC,fewAuth,lowJR,VeryOld,astro-ph.CO,,,,,
LowCC,LowMedRC,HighMedDC,tensAuths,lowJR,Old,astro-ph.SR,astro-ph.GA,,,,
LowMedCC,LowMedRC,LowMedDC,tensAuths,lowJR,VeryOld,astro-ph.IM,astro-ph.EP,,,,
LowMedCC,LowMedRC,HighMedDC,fewAuth,highMedJR,VeryOld,astro-ph.CO,astro-ph.HE,,,,
HighMedCC,LowMedRC,HighMedDC,tensAuths,lowJR,VeryOld,astro-ph.CO,,,,,
LowMedCC,LowMedRC,LowMedDC,fewAuth,lowJR,Old,astro-ph.IM,astro-ph.EP,astro-ph.SR,physics.data-an,stat.AP,
LowMedCC,LowMedRC,LowMedDC,fewAuth,lowJR,VeryOld,astro-ph.EP,,,,,
LowMedCC,HighMedRC,VeryHighDC,fewAuth,lowJR,VeryOld,astro-ph.CO,,,,,
LowMedCC,LowMedRC,HighMedDC,fewAuth,lowJR,VeryOld,astro-ph.CO,,,,,
LowCC,LowMedRC,LowMedDC,tensAuths,veryHighJR,New,astro-ph.HE,,,,,
LowCC,LowMedRC,LowMedDC,fewAuth,lowJR,New,astro-ph.GA,astro-ph.CO,,,,
LowCC,LowMedRC,LowMedDC,fewAuth,lowJR,New,astro-ph.GA,,,,,
LowCC,LowMedRC,LowMedDC,hundredsAuths,lowMedJR,New,astro-ph.HE,,,,,
LowCC,LowMedRC,LowMedDC,tensAuths,lowMedJR,New,astro-ph.IM,,,,,
LowCC,LowMedRC,LowMedDC,fewAuth,highMedJR,New,astro-ph.CO,astro-ph.GA,,,,
LowCC,LowMedRC,LowMedDC,tensAuths,lowMedJR,New,astro-ph.IM,,,,,
LowCC,LowMedRC,LowMedDC,hundredsAuths,lowJR,New,astro-ph.IM,astro-ph.CO,,,,
LowCC,LowMedRC,LowMedDC,tensAuths,lowJR,New,astro-ph.HE,astro-ph.IM,,,,
LowMedCC,LowMedRC,LowMedDC,tensAuths,veryHighJR,Newish,astro-ph.CO,astro-ph.GA,astro-ph.HE,,,
HighMedCC,LowMedRC,LowMedDC,hundredsAuths,lowMedJR,Newish,astro-ph.GA,astro-ph.IM,,,,
LowMedCC,LowMedRC,LowMedDC,tensAuths,lowJR,Newish,astro-ph.GA,,,,,
LowCC,LowMedRC,LowMedDC,fewAuth,highMedJR,Newish,astro-ph.GA,,,,,
HighMedCC,LowRC,LowMedDC,hundredsAuths,lowJR,Newish,astro-ph.CO,,,,,
LowMedCC,LowMedRC,LowMedDC,hundredsAuths,veryHighJR,Old,astro-ph.HE,,,,,
LowMedCC,LowMedRC,HighMedDC,fewAuth,highMedJR,Old,astro-ph.GA,astro-ph.HE,,,,
LowMedCC,LowMedRC,LowMedDC,hundredsAuths,lowJR,Old,astro-ph.CO,,,,,
LowMedCC,HighMedRC,VeryHighDC,tensAuths,lowJR,VeryOld,astro-ph.CO,,,,,
LowMedCC,LowMedRC,HighMedDC,fewAuth,lowJR,Old,astro-ph.SR,,,,,
LowCC,LowMedRC,HighMedDC,fewAuth,highMedJR,Newish,astro-ph.GA,astro-ph.SR,,,,
LowMedCC,LowMedRC,HighMedDC,tensAuths,lowJR,Newish,astro-ph.GA,,,,,
LowMedCC,LowMedRC,LowMedDC,tensAuths,lowJR,Newish,astro-ph.EP,,,,,
LowMedCC,LowMedRC,HighMedDC,fewAuth,lowJR,Old,astro-ph.CO,,,,,
LowMedCC,LowMedRC,HighMedDC,tensAuths,lowJR,Old,astro-ph.SR,,,,,
LowMedCC,LowMedRC,HighMedDC,fewAuth,lowJR,Old,astro-ph.EP,astro-ph.IM,,,,
LowCC,LowMedRC,LowMedDC,fewAuth,lowJR,Newish,astro-ph.GA,astro-ph.SR,,,,
LowMedCC,LowMedRC,LowMedDC,fewAuth,lowMedJR,Newish,astro-ph.SR,astro-ph.HE,,,,
LowMedCC,LowMedRC,LowMedDC,hundredsAuths,lowMedJR,Newish,astro-ph.IM,astro-ph.GA,astro-ph.HE,gr-qc,,
LowMedCC,LowMedRC,LowMedDC,tensAuths,lowJR,Newish,astro-ph.SR,astro-ph.IM,,,,
LowMedCC,LowMedRC,HighMedDC,tensAuths,lowJR,Old,astro-ph.HE,astro-ph.SR,,,,
HighMedCC,LowMedRC,LowMedDC,fewAuth,lowJR,VeryOld,astro-ph.IM,astro-ph.GA,,,,
LowMedCC,LowMedRC,HighMedDC,tensAuths,lowJR,VeryOld,astro-ph.CO,,,,,
LowMedCC,LowMedRC,HighMedDC,fewAuth,highMedJR,VeryOld,astro-ph.CO,,,,,
LowMedCC,HighMedRC,VeryHighDC,fewAuth,lowMedJR,VeryOld,astro-ph.CO,astro-ph.GA,,,,
HighMedCC,LowMedRC,HighMedDC,tensAuths,highJR,VeryOld,astro-ph.HE,astro-ph.CO,,,,
LowMedCC,LowMedRC,HighMedDC,tensAuths,lowJR,Old,astro-ph.GA,,,,,
HighMedCC,LowMedRC,HighMedDC,fewAuth,lowJR,VeryOld,astro-ph.EP,,,,,
HighMedCC,LowRC,LowDC,tensAuths,lowJR,Old,astro-ph.IM,gr-qc,,,,
LowMedCC,LowMedRC,HighMedDC,tensAuths,lowJR,Old,astro-ph.GA,,,,,
LowMedCC,LowMedRC,HighMedDC,fewAuth,lowJR,VeryOld,astro-ph.GA,astro-ph.CO,,,,
LowMedCC,LowMedRC,HighMedDC,tensAuths,lowJR,Old,astro-ph.EP,,,,,
HighMedCC,HighMedRC,VeryHighDC,tensAuths,lowJR,VeryOld,astro-ph.CO,,,,,
LowCC,LowMedRC,LowMedDC,fewAuth,lowJR,VeryOld,astro-ph.EP,,,,,
LowMedCC,HighMedRC,HighMedDC,fewAuth,lowJR,VeryOld,astro-ph.GA,,,,,
HighMedCC,HighMedRC,VeryHighDC,tensAuths,lowMedJR,VeryOld,astro-ph.EP,,,,,
LowMedCC,HighMedRC,HighMedDC,tensAuths,lowJR,VeryOld,astro-ph.EP,,,,,
LowMedCC,LowMedRC,HighMedDC,fewAuth,highMedJR,VeryOld,astro-ph.GA,astro-ph.CO,,,,
HighMedCC,LowMedRC,HighMedDC,tensAuths,lowJR,VeryOld,astro-ph.CO,,,,,
LowMedCC,LowMedRC,VeryHighDC,fewAuth,lowMedJR,VeryOld,astro-ph.CO,astro-ph.GA,,,,
LowCC,LowMedRC,HighMedDC,fewAuth,lowJR,Old,astro-ph.GA,,,,,
HighMedCC,LowMedRC,LowMedDC,hundredsAuths,lowJR,Old,astro-ph.CO,,,,,
LowMedCC,LowMedRC,HighMedDC,fewAuth,lowJR,Old,astro-ph.GA,astro-ph.CO,,,,
LowMedCC,LowMedRC,HighMedDC,fewAuth,highMedJR,Old,astro-ph.EP,astro-ph.SR,,,,
LowMedCC,HighMedRC,VeryHighDC,fewAuth,highMedJR,Old,astro-ph.EP,,,,,
LowCC,LowRC,LowDC,tensAuths,lowJR,New,astro-ph.SR,,,,,
LowCC,LowRC,LowDC,tensAuths,lowJR,New,astro-ph.GA,,,,,
LowCC,LowMedRC,LowMedDC,fewAuth,highMedJR,Newish,astro-ph.GA,,,,,
LowCC,LowMedRC,LowMedDC,tensAuths,lowMedJR,New,astro-ph.GA,,,,,
LowMedCC,LowMedRC,LowMedDC,fewAuth,lowMedJR,New,astro-ph.CO,,,,,
LowMedCC,LowMedRC,LowMedDC,tensAuths,veryHighJR,Newish,astro-ph.GA,,,,,
LowCC,LowMedRC,LowMedDC,fewAuth,highMedJR,Newish,astro-ph.EP,,,,,
LowCC,LowMedRC,LowMedDC,fewAuth,lowJR,New,astro-ph.GA,,,,,
LowMedCC,LowMedRC,LowMedDC,tensAuths,lowMedJR,Newish,astro-ph.HE,astro-ph.GA,gr-qc,,,
LowCC,LowMedRC,LowMedDC,tensAuths,lowJR,New,astro-ph.IM,astro-ph.EP,,,,
LowCC,LowMedRC,LowMedDC,fewAuth,highMedJR,New,astro-ph.GA,astro-ph.CO,,,,
LowCC,LowRC,LowMedDC,tensAuths,lowMedJR,New,astro-ph.IM,astro-ph.GA,,,,
LowCC,LowRC,LowMedDC,tensAuths,lowMedJR,New,astro-ph.EP,astro-ph.SR,,,,
LowCC,LowRC,LowDC,fewAuth,highMedJR,New,astro-ph.GA,,,,,
LowCC,LowRC,LowMedDC,tensAuths,lowJR,New,astro-ph.GA,,,,,
HighMedCC,LowRC,LowMedDC,fewAuth,highMedJR,New,astro-ph.CO,gr-qc,hep-ph,hep-th,,
LowCC,LowRC,LowDC,fewAuth,lowJR,New,astro-ph.HE,astro-ph.CO,astro-ph.GA,,,
LowCC,LowRC,LowDC,fewAuth,lowJR,New,astro-ph.GA,,,,,
LowCC,LowRC,LowMedDC,hundredsAuths,lowJR,New,astro-ph.GA,,,,,
LowCC,LowRC,LowMedDC,hundredsAuths,lowJR,New,astro-ph.CO,,,,,
LowCC,LowRC,LowDC,tensAuths,lowJR,New,astro-ph.GA,,,,,
LowCC,LowMedRC,LowMedDC,fewAuth,lowJR,New,astro-ph.SR,astro-ph.GA,,,,
LowCC,LowMedRC,LowMedDC,fewAuth,lowJR,New,astro-ph.GA,,,,,
LowCC,LowRC,LowMedDC,tensAuths,lowMedJR,New,astro-ph.GA,astro-ph.CO,,,,
LowCC,LowRC,LowMedDC,tensAuths,lowMedJR,New,astro-ph.HE,astro-ph.GA,,,,
LowCC,LowRC,LowMedDC,tensAuths,lowMedJR,New,astro-ph.GA,astro-ph.CO,,,,
LowCC,LowRC,LowDC,tensAuths,lowJR,New,astro-ph.EP,,,,,
LowCC,LowRC,LowDC,fewAuth,lowJR,New,astro-ph.GA,,,,,
LowCC,LowRC,LowMedDC,fewAuth,lowMedJR,New,astro-ph.SR,astro-ph.GA,,,,
LowCC,LowRC,LowDC,tensAuths,lowMedJR,New,astro-ph.HE,,,,,
LowCC,LowRC,LowMedDC,tensAuths,veryHighJR,New,astro-ph.HE,astro-ph.SR,,,,
LowCC,LowMedRC,LowDC,fewAuth,lowJR,New,astro-ph.EP,,,,,
LowCC,LowRC,LowMedDC,fewAuth,lowJR,New,astro-ph.GA,astro-ph.CO,,,,
LowCC,LowRC,LowDC,fewAuth,lowMedJR,New,astro-ph.GA,hep-th,,,,
LowCC,LowRC,LowDC,fewAuth,lowMedJR,New,astro-ph.CO,,,,,
LowCC,LowRC,LowDC,tensAuths,lowJR,New,astro-ph.GA,,,,,
LowCC,LowRC,LowMedDC,tensAuths,veryHighJR,New,astro-ph.GA,,,,,
LowCC,LowRC,LowMedDC,tensAuths,veryHighJR,New,astro-ph.GA,astro-ph.CO,,,,
LowCC,LowRC,LowDC,tensAuths,veryHighJR,New,astro-ph.EP,astro-ph.SR,,,,
LowCC,LowRC,LowDC,tensAuths,lowJR,New,astro-ph.GA,,,,,
LowCC,LowRC,LowDC,fewAuth,lowJR,New,astro-ph.GA,astro-ph.CO,astro-ph.HE,,,
LowCC,LowRC,LowDC,tensAuths,lowJR,New,astro-ph.SR,astro-ph.GA,,,,
LowCC,LowRC,LowMedDC,fewAuth,lowJR,New,astro-ph.GA,astro-ph.CO,astro-ph.HE,astro-ph.IM,astro-ph.SR,
LowCC,LowRC,LowMedDC,tensAuths,lowJR,New,astro-ph.GA,astro-ph.IM,,,,
LowCC,LowRC,LowMedDC,fewAuth,lowJR,New,astro-ph.GA,astro-ph.CO,,,,
LowCC,LowRC,LowDC,tensAuths,lowJR,New,astro-ph.GA,,,,,
LowCC,LowRC,LowMedDC,fewAuth,lowJR,New,astro-ph.GA,,,,,
LowCC,LowRC,LowDC,hundredsAuths,lowMedJR,New,astro-ph.HE,,,,,
LowCC,LowRC,LowDC,fewAuth,lowMedJR,New,astro-ph.HE,astro-ph.CO,astro-ph.GA,,,
LowCC,LowRC,LowMedDC,hundredsAuths,lowJR,New,astro-ph.HE,,,,,
LowCC,LowMedRC,LowMedDC,fewAuth,lowJR,New,astro-ph.GA,,,,,
LowCC,LowRC,LowDC,tensAuths,lowJR,New,astro-ph.GA,,,,,
LowCC,LowMedRC,LowMedDC,tensAuths,lowJR,New,astro-ph.GA,astro-ph.SR,,,,
LowCC,LowRC,LowMedDC,tensAuths,lowMedJR,New,astro-ph.GA,,,,,
LowCC,LowRC,LowDC,tensAuths,lowMedJR,New,astro-ph.EP,astro-ph.SR,,,,
LowCC,LowRC,LowMedDC,fewAuth,lowJR,New,astro-ph.EP,astro-ph.SR,,,,
LowCC,LowMedRC,LowMedDC,fewAuth,lowJR,New,astro-ph.GA,,,,,
LowCC,LowRC,LowDC,fewAuth,lowMedJR,New,astro-ph.GA,,,,,
LowCC,LowRC,LowDC,fewAuth,lowMedJR,New,astro-ph.GA,,,,,
LowCC,LowRC,LowDC,tensAuths,veryHighJR,New,astro-ph.EP,,,,,
LowCC,LowRC,LowMedDC,fewAuth,lowMedJR,New,astro-ph.CO,,,,,
LowCC,LowRC,LowMedDC,fewAuth,lowJR,New,astro-ph.SR,astro-ph.GA,,,,
LowCC,LowRC,LowDC,fewAuth,lowMedJR,New,astro-ph.GA,astro-ph.HE,,,,
LowCC,LowRC,LowDC,tensAuths,lowJR,New,astro-ph.GA,,,,,
LowCC,LowRC,LowDC,tensAuths,lowJR,New,astro-ph.GA,,,,,
LowCC,LowRC,LowMedDC,fewAuth,lowJR,New,astro-ph.GA,astro-ph.CO,,,,
LowCC,LowRC,LowDC,fewAuth,lowJR,New,astro-ph.GA,,,,,
LowCC,LowRC,LowMedDC,tensAuths,lowJR,New,astro-ph.IM,astro-ph.CO,astro-ph.EP,astro-ph.GA,cs.DC,
LowCC,LowRC,LowDC,tensAuths,lowJR,New,astro-ph.GA,astro-ph.CO,,,,
LowCC,LowRC,LowDC,fewAuth,lowJR,New,astro-ph.GA,astro-ph.HE,,,,
LowCC,LowMedRC,LowMedDC,hundredsAuths,lowMedJR,New,astro-ph.GA,,,,,
LowCC,LowRC,LowMedDC,tensAuths,highJR,New,astro-ph.GA,astro-ph.CO,,,,
LowCC,LowRC,LowMedDC,hundredsAuths,veryHighJR,New,astro-ph.HE,astro-ph.GA,gr-qc,,,
LowCC,LowRC,LowMedDC,tensAuths,veryHighJR,New,astro-ph.HE,astro-ph.GA,astro-ph.SR,,,
LowCC,LowRC,LowDC,tensAuths,veryHighJR,New,astro-ph.HE,astro-ph.GA,,,,
LowCC,LowRC,LowDC,tensAuths,lowJR,New,astro-ph.GA,,,,,
LowCC,LowRC,LowMedDC,tensAuths,veryHighJR,New,astro-ph.EP,astro-ph.IM,astro-ph.SR,,,
LowCC,LowRC,LowMedDC,tensAuths,veryHighJR,New,astro-ph.EP,astro-ph.IM,astro-ph.SR,,,
LowCC,LowRC,LowMedDC,fewAuth,lowJR,New,astro-ph.HE,,,,,
LowCC,LowRC,LowMedDC,tensAuths,lowJR,New,astro-ph.GA,,,,,
LowCC,LowRC,LowDC,fewAuth,lowJR,New,astro-ph.GA,astro-ph.CO,gr-qc,,,
LowCC,LowRC,LowDC,fewAuth,lowJR,New,astro-ph.GA,,,,,
LowCC,LowRC,LowMedDC,tensAuths,lowJR,New,astro-ph.GA,,,,,
LowCC,LowRC,LowDC,tensAuths,lowJR,New,astro-ph.GA,astro-ph.HE,,,,
LowMedCC,LowMedRC,HighMedDC,tensAuths,lowJR,VeryOld,astro-ph.CO,,,,,
LowCC,LowMedRC,LowMedDC,tensAuths,lowMedJR,New,astro-ph.EP,astro-ph.GA,astro-ph.SR,,,
LowCC,LowRC,LowMedDC,tensAuths,lowMedJR,New,astro-ph.GA,astro-ph.IM,,,,
LowCC,LowRC,LowDC,tensAuths,lowJR,New,astro-ph.EP,,,,,
LowCC,LowRC,LowDC,tensAuths,lowJR,New,astro-ph.GA,,,,,
LowCC,LowRC,LowDC,hundredsAuths,lowMedJR,New,astro-ph.EP,astro-ph.SR,,,,
HighMedCC,LowRC,LowMedDC,tensAuths,lowMedJR,New,astro-ph.HE,astro-ph.SR,nucl-th,,,
HighMedCC,HighMedRC,HighMedDC,hundredsAuths,lowMedJR,VeryOld,astro-ph.HE,,,,,
LowMedCC,HighMedRC,VeryHighDC,tensAuths,lowJR,VeryOld,astro-ph.EP,,,,,
LowCC,LowRC,LowDC,fewAuth,lowMedJR,New,astro-ph.GA,astro-ph.CO,astro-ph.HE,,,
LowCC,LowMedRC,LowMedDC,fewAuth,lowJR,Old,astro-ph.HE,astro-ph.CO,astro-ph.SR,,,
HighMedCC,LowRC,LowDC,tensAuths,lowMedJR,VeryOld,astro-ph.CO,hep-ex,hep-ph,physics.ins-det,,
HighMedCC,LowMedRC,LowMedDC,hundredsAuths,lowMedJR,Old,astro-ph.HE,hep-ex,,,,
LowMedCC,LowMedRC,LowMedDC,fewAuth,lowJR,VeryOld,astro-ph.IM,,,,,
LowMedCC,LowMedRC,HighMedDC,fewAuth,lowJR,VeryOld,astro-ph.SR,astro-ph.IM,,,,
LowMedCC,LowMedRC,HighMedDC,fewAuth,highMedJR,VeryOld,astro-ph.CO,,,,,
LowMedCC,LowMedRC,HighMedDC,fewAuth,lowJR,VeryOld,astro-ph.IM,,,,,
LowMedCC,LowMedRC,HighMedDC,fewAuth,lowMedJR,VeryOld,astro-ph.CO,,,,,
HighMedCC,LowMedRC,HighMedDC,fewAuth,veryHighJR,VeryOld,astro-ph.EP,,,,,
LowMedCC,LowMedRC,HighMedDC,tensAuths,lowJR,VeryOld,astro-ph.GA,,,,,
LowMedCC,HighMedRC,VeryHighDC,fewAuth,lowMedJR,VeryOld,astro-ph.GA,astro-ph.CO,,,,
LowMedCC,HighMedRC,VeryHighDC,fewAuth,lowJR,VeryOld,astro-ph.CO,astro-ph.GA,,,,
LowMedCC,HighMedRC,HighMedDC,fewAuth,lowJR,VeryOld,astro-ph.SR,,,,,
HighMedCC,LowMedRC,LowMedDC,fewAuth,highMedJR,VeryOld,astro-ph.CO,astro-ph.HE,hep-ex,hep-ph,,
LowMedCC,LowMedRC,HighMedDC,fewAuth,lowJR,VeryOld,astro-ph.CO,astro-ph.GA,,,,
LowMedCC,LowMedRC,LowMedDC,hundredsAuths,lowJR,Newish,astro-ph.IM,astro-ph.EP,,,,
LowCC,LowRC,LowMedDC,fewAuth,lowJR,New,astro-ph.SR,astro-ph.EP,,,,
LowMedCC,LowMedRC,HighMedDC,hundredsAuths,lowJR,Newish,astro-ph.GA,,,,,
LowMedCC,LowMedRC,HighMedDC,fewAuth,lowJR,Newish,astro-ph.EP,astro-ph.SR,,,,
LowMedCC,LowMedRC,LowMedDC,fewAuth,lowJR,Newish,astro-ph.GA,,,,,
LowCC,LowMedRC,LowMedDC,fewAuth,lowJR,Newish,astro-ph.GA,astro-ph.HE,astro-ph.IM,,,
HighMedCC,LowRC,LowDC,fewAuth,highJR,Newish,physics.comp-ph,astro-ph.CO,cond-mat.dis-nn,hep-th,quant-ph,
LowCC,LowMedRC,LowMedDC,fewAuth,lowMedJR,New,astro-ph.GA,astro-ph.EP,astro-ph.IM,astro-ph.SR,,
LowCC,LowMedRC,LowMedDC,tensAuths,lowJR,New,astro-ph.CO,astro-ph.GA,,,,
LowCC,LowMedRC,LowMedDC,tensAuths,lowMedJR,New,astro-ph.GA,,,,,
LowCC,LowMedRC,LowMedDC,tensAuths,lowJR,New,astro-ph.GA,astro-ph.CO,,,,
LowMedCC,LowMedRC,LowMedDC,tensAuths,lowJR,Newish,astro-ph.IM,,,,,
LowMedCC,LowMedRC,LowMedDC,hundredsAuths,lowJR,Newish,gr-qc,astro-ph.HE,hep-th,,,
LowCC,LowMedRC,LowMedDC,hundredsAuths,lowMedJR,New,astro-ph.CO,,,,,
LowMedCC,LowMedRC,LowMedDC,fewAuth,lowJR,Old,astro-ph.IM,astro-ph.EP,,,,
LowMedCC,LowMedRC,HighMedDC,fewAuth,veryHighJR,VeryOld,astro-ph.EP,,,,,
LowMedCC,LowMedRC,HighMedDC,fewAuth,lowMedJR,Old,astro-ph.GA,,,,,
LowMedCC,LowMedRC,LowMedDC,hundredsAuths,lowJR,Old,astro-ph.CO,astro-ph.GA,,,,
LowMedCC,LowMedRC,HighMedDC,tensAuths,veryHighJR,Old,astro-ph.EP,,,,,
HighMedCC,LowMedRC,LowMedDC,hundredsAuths,lowMedJR,Old,gr-qc,astro-ph.CO,,,,
LowMedCC,LowMedRC,HighMedDC,tensAuths,lowJR,Old,astro-ph.IM,astro-ph.CO,,,,
LowMedCC,LowMedRC,LowMedDC,hundredsAuths,lowJR,VeryOld,astro-ph.HE,astro-ph.CO,astro-ph.EP,astro-ph.IM,astro-ph.SR,
LowMedCC,LowMedRC,HighMedDC,fewAuth,lowMedJR,VeryOld,astro-ph.SR,,,,,
LowMedCC,LowMedRC,HighMedDC,tensAuths,lowJR,VeryOld,astro-ph.CO,,,,,
LowMedCC,LowMedRC,LowMedDC,hundredsAuths,lowJR,Old,astro-ph.IM,,,,,
LowMedCC,LowMedRC,HighMedDC,fewAuth,lowJR,Old,astro-ph.GA,,,,,
LowMedCC,LowMedRC,LowMedDC,fewAuth,lowJR,VeryOld,astro-ph.GA,,,,,
LowMedCC,LowMedRC,LowMedDC,fewAuth,lowJR,Old,astro-ph.CO,astro-ph.IM,,,,
LowMedCC,LowMedRC,HighMedDC,fewAuth,lowJR,VeryOld,astro-ph.SR,astro-ph.CO,astro-ph.HE,,,
LowMedCC,LowMedRC,HighMedDC,fewAuth,lowJR,VeryOld,astro-ph.EP,astro-ph.SR,,,,
HighMedCC,LowMedRC,LowMedDC,tensAuths,lowJR,VeryOld,astro-ph.IM,,,,,
LowMedCC,LowMedRC,LowMedDC,thousandsAuths,lowMedJR,New,astro-ph.HE,gr-qc,,,,
LowCC,LowMedRC,LowMedDC,hundredsAuths,highJR,New,astro-ph.HE,gr-qc,,,,
LowCC,LowMedRC,LowMedDC,tensAuths,lowMedJR,New,astro-ph.GA,,,,,
LowCC,LowMedRC,LowMedDC,tensAuths,lowJR,New,astro-ph.GA,astro-ph.SR,,,,
LowCC,LowMedRC,LowMedDC,fewAuth,lowMedJR,New,astro-ph.EP,astro-ph.GA,astro-ph.SR,,,
LowMedCC,LowMedRC,LowMedDC,fewAuth,lowJR,Old,astro-ph.SR,astro-ph.HE,astro-ph.IM,,,
LowCC,LowRC,LowMedDC,fewAuth,lowJR,New,astro-ph.SR,,,,,
LowCC,LowMedRC,LowMedDC,fewAuth,lowJR,New,astro-ph.GA,,,,,
LowCC,LowMedRC,LowMedDC,tensAuths,lowJR,Newish,astro-ph.HE,,,,,
LowCC,LowMedRC,LowMedDC,fewAuth,lowMedJR,Newish,astro-ph.GA,astro-ph.CO,,,,
LowCC,LowMedRC,LowMedDC,fewAuth,lowJR,Newish,astro-ph.GA,,,,,
LowCC,LowMedRC,LowMedDC,tensAuths,lowJR,Newish,astro-ph.EP,,,,,
LowCC,LowMedRC,LowMedDC,fewAuth,highMedJR,Newish,astro-ph.GA,,,,,
LowMedCC,LowMedRC,LowMedDC,fewAuth,lowMedJR,Newish,hep-ph,astro-ph.CO,astro-ph.GA,,,
LowMedCC,LowMedRC,LowMedDC,fewAuth,lowJR,Old,astro-ph.EP,astro-ph.IM,astro-ph.SR,math.NA,,
HighMedCC,LowMedRC,LowMedDC,tensAuths,lowJR,VeryOld,astro-ph.IM,,,,,
HighMedCC,LowMedRC,HighMedDC,fewAuth,lowJR,VeryOld,astro-ph.CO,astro-ph.GA,,,,
LowMedCC,LowMedRC,LowMedDC,hundredsAuths,lowJR,Newish,astro-ph.IM,astro-ph.HE,,,,
LowCC,LowMedRC,LowMedDC,fewAuth,highMedJR,Newish,astro-ph.GA,,,,,
LowCC,LowMedRC,LowMedDC,fewAuth,lowMedJR,Newish,astro-ph.GA,,,,,
LowMedCC,LowMedRC,LowMedDC,hundredsAuths,highJR,Newish,astro-ph.HE,hep-ex,,,,
LowMedCC,LowMedRC,LowMedDC,fewAuth,highJR,Old,astro-ph.CO,,,,,
HighMedCC,LowMedRC,LowMedDC,tensAuths,highJR,Old,astro-ph.HE,,,,,
LowMedCC,LowMedRC,LowMedDC,fewAuth,lowJR,Old,astro-ph.GA,,,,,
LowCC,LowMedRC,LowMedDC,fewAuth,lowJR,Newish,astro-ph.EP,,,,,
HighMedCC,LowMedRC,LowMedDC,thousandsAuths,lowMedJR,Newish,gr-qc,astro-ph.HE,,,,
LowMedCC,LowMedRC,LowMedDC,fewAuth,highJR,Newish,astro-ph.CO,astro-ph.GA,astro-ph.HE,hep-ph,,
LowMedCC,LowMedRC,HighMedDC,fewAuth,lowJR,Newish,astro-ph.SR,,,,,
LowMedCC,LowMedRC,LowMedDC,fewAuth,lowJR,Newish,astro-ph.GA,,,,,
LowCC,LowMedRC,HighMedDC,fewAuth,lowMedJR,Newish,astro-ph.GA,,,,,
LowMedCC,LowMedRC,LowMedDC,fewAuth,lowJR,New,astro-ph.CO,hep-ph,hep-th,,,
HighMedCC,LowMedRC,LowMedDC,fewAuth,lowMedJR,Newish,astro-ph.CO,gr-qc,hep-ph,hep-th,,
LowMedCC,LowMedRC,LowMedDC,hundredsAuths,lowMedJR,Newish,astro-ph.IM,astro-ph.CO,astro-ph.GA,astro-ph.SR,,
LowCC,LowMedRC,LowDC,fewAuth,lowJR,New,astro-ph.EP,,,,,
LowMedCC,LowMedRC,HighMedDC,fewAuth,lowJR,VeryOld,astro-ph.HE,gr-qc,,,,
LowMedCC,LowMedRC,HighMedDC,tensAuths,lowJR,VeryOld,astro-ph.CO,,,,,
LowMedCC,LowMedRC,HighMedDC,fewAuth,highMedJR,VeryOld,astro-ph.SR,,,,,
LowMedCC,LowMedRC,LowMedDC,fewAuth,lowJR,VeryOld,astro-ph.EP,,,,,
HighMedCC,LowMedRC,LowMedDC,fewAuth,highJR,VeryOld,astro-ph.HE,astro-ph.CO,hep-ex,,,
LowMedCC,LowMedRC,HighMedDC,tensAuths,lowMedJR,VeryOld,astro-ph.IM,,,,,
HighMedCC,LowMedRC,LowMedDC,tensAuths,lowJR,Old,gr-qc,astro-ph.HE,hep-ph,hep-th,,
LowMedCC,LowMedRC,HighMedDC,fewAuth,lowJR,VeryOld,astro-ph.CO,,,,,
LowMedCC,LowMedRC,HighMedDC,fewAuth,lowJR,VeryOld,astro-ph.EP,astro-ph.SR,,,,
LowMedCC,LowMedRC,HighMedDC,hundredsAuths,lowJR,VeryOld,astro-ph.GA,astro-ph.CO,,,,
LowMedCC,LowMedRC,HighMedDC,fewAuth,lowJR,VeryOld,astro-ph.CO,astro-ph.HE,,,,
LowMedCC,LowMedRC,HighMedDC,fewAuth,lowJR,VeryOld,astro-ph.GA,,,,,
LowMedCC,LowMedRC,HighMedDC,tensAuths,lowJR,VeryOld,astro-ph.CO,,,,,
LowMedCC,LowMedRC,HighMedDC,fewAuth,highMedJR,VeryOld,astro-ph.SR,,,,,
LowMedCC,LowMedRC,HighMedDC,tensAuths,lowJR,VeryOld,astro-ph.CO,,,,,
LowMedCC,LowMedRC,HighMedDC,tensAuths,lowJR,VeryOld,astro-ph.SR,,,,,
LowMedCC,LowMedRC,HighMedDC,tensAuths,lowJR,Old,astro-ph.GA,,,,,
HighMedCC,LowRC,LowDC,fewAuth,highJR,VeryOld,hep-ph,astro-ph,gr-qc,hep-ex,hep-th,
LowMedCC,LowMedRC,HighMedDC,tensAuths,lowJR,VeryOld,astro-ph.EP,astro-ph.SR,,,,
LowMedCC,HighMedRC,HighMedDC,fewAuth,lowJR,VeryOld,astro-ph.CO,,,,,
LowMedCC,LowMedRC,HighMedDC,fewAuth,lowJR,VeryOld,astro-ph.SR,astro-ph.IM,,,,
LowMedCC,LowMedRC,LowMedDC,fewAuth,highMedJR,Old,astro-ph.GA,astro-ph.EP,astro-ph.SR,,,
LowMedCC,LowMedRC,VeryHighDC,tensAuths,lowJR,VeryOld,astro-ph.CO,,,,,
HighMedCC,HighMedRC,VeryHighDC,fewAuth,lowJR,VeryOld,astro-ph.CO,astro-ph.GA,,,,
LowMedCC,LowMedRC,LowMedDC,fewAuth,lowJR,VeryOld,astro-ph.EP,,,,,
LowMedCC,LowMedRC,HighMedDC,hundredsAuths,lowMedJR,VeryOld,astro-ph.HE,,,,,
LowMedCC,LowMedRC,HighMedDC,fewAuth,lowJR,VeryOld,astro-ph.CO,,,,,
HighMedCC,LowMedRC,HighMedDC,fewAuth,lowJR,VeryOld,astro-ph.HE,astro-ph.GA,,,,
LowMedCC,LowMedRC,HighMedDC,fewAuth,lowJR,VeryOld,astro-ph.CO,,,,,
LowMedCC,LowMedRC,HighMedDC,fewAuth,lowMedJR,VeryOld,astro-ph.SR,astro-ph.GA,astro-ph.HE,,,
LowMedCC,LowMedRC,LowMedDC,tensAuths,lowJR,VeryOld,astro-ph.HE,astro-ph.CO,,,,
LowMedCC,HighMedRC,HighMedDC,fewAuth,lowJR,VeryOld,astro-ph.GA,astro-ph.SR,,,,
LowMedCC,LowMedRC,HighMedDC,fewAuth,lowMedJR,VeryOld,astro-ph.HE,,,,,
LowMedCC,HighMedRC,HighMedDC,tensAuths,lowJR,VeryOld,astro-ph.EP,,,,,
LowCC,LowMedRC,LowMedDC,fewAuth,lowMedJR,Old,astro-ph.GA,astro-ph.SR,,,,
LowMedCC,LowMedRC,LowMedDC,hundredsAuths,lowJR,Old,astro-ph.CO,,,,,
LowMedCC,LowMedRC,HighMedDC,tensAuths,veryHighJR,Old,astro-ph.HE,,,,,
LowCC,LowMedRC,LowDC,fewAuth,lowJR,Old,astro-ph.EP,,,,,
LowMedCC,LowMedRC,HighMedDC,tensAuths,lowMedJR,Old,astro-ph.GA,astro-ph.CO,,,,
LowMedCC,LowMedRC,HighMedDC,fewAuth,highMedJR,Old,astro-ph.GA,,,,,
LowMedCC,LowMedRC,HighMedDC,hundredsAuths,lowJR,Old,astro-ph.IM,,,,,
LowMedCC,LowMedRC,HighMedDC,fewAuth,lowJR,VeryOld,astro-ph.SR,,,,,
LowMedCC,LowMedRC,HighMedDC,tensAuths,lowJR,Old,astro-ph.GA,,,,,
LowCC,LowRC,LowDC,tensAuths,lowJR,New,astro-ph.EP,astro-ph.IM,,,,
LowCC,LowMedRC,LowMedDC,tensAuths,lowJR,New,astro-ph.HE,astro-ph.GA,,,,
LowMedCC,LowRC,LowMedDC,tensAuths,lowJR,New,astro-ph.CO,,,,,
LowMedCC,LowMedRC,HighMedDC,hundredsAuths,lowJR,Newish,astro-ph.IM,astro-ph.EP,astro-ph.GA,astro-ph.HE,astro-ph.SR,
LowMedCC,LowMedRC,LowMedDC,tensAuths,lowJR,Newish,astro-ph.CO,astro-ph.GA,,,,
LowCC,LowMedRC,LowMedDC,fewAuth,highMedJR,New,astro-ph.GA,,,,,
LowCC,LowRC,LowDC,tensAuths,lowJR,New,astro-ph.EP,astro-ph.SR,,,,
LowCC,LowMedRC,LowMedDC,fewAuth,lowJR,New,astro-ph.GA,,,,,
LowCC,LowRC,LowDC,tensAuths,lowJR,New,astro-ph.CO,astro-ph.GA,astro-ph.HE,,,
LowCC,LowRC,LowMedDC,tensAuths,lowMedJR,New,astro-ph.GA,,,,,
LowCC,LowRC,LowDC,fewAuth,lowJR,New,astro-ph.EP,,,,,
LowCC,LowRC,LowDC,hundredsAuths,lowJR,New,astro-ph.EP,,,,,
LowCC,LowRC,LowMedDC,tensAuths,lowJR,New,astro-ph.CO,astro-ph.GA,,,,
LowCC,LowRC,LowDC,tensAuths,lowJR,New,astro-ph.GA,,,,,
LowCC,LowRC,LowDC,fewAuth,lowMedJR,New,astro-ph.CO,astro-ph.GA,,,,
LowCC,LowRC,LowDC,fewAuth,lowJR,New,astro-ph.GA,,,,,
LowCC,LowRC,LowDC,fewAuth,veryHighJR,New,astro-ph.GA,astro-ph.SR,,,,
LowCC,LowRC,LowDC,hundredsAuths,veryHighJR,New,astro-ph.GA,,,,,
LowCC,LowRC,LowMedDC,tensAuths,lowJR,New,astro-ph.SR,astro-ph.CO,astro-ph.GA,astro-ph.HE,,
LowCC,LowMedRC,LowMedDC,tensAuths,lowMedJR,New,astro-ph.SR,,,,,
LowCC,LowRC,LowMedDC,tensAuths,lowJR,New,astro-ph.GA,astro-ph.IM,astro-ph.SR,,,
LowCC,LowRC,LowDC,tensAuths,veryHighJR,New,astro-ph.HE,,,,,
LowCC,LowRC,LowDC,tensAuths,lowJR,New,astro-ph.EP,astro-ph.SR,,,,
LowCC,LowRC,LowMedDC,hundredsAuths,lowJR,New,astro-ph.GA,astro-ph.SR,,,,
LowCC,LowRC,LowDC,tensAuths,lowJR,New,astro-ph.GA,,,,,
LowCC,LowRC,LowMedDC,fewAuth,highJR,New,astro-ph.SR,astro-ph.HE,,,,
LowCC,LowRC,LowDC,tensAuths,lowMedJR,New,astro-ph.EP,astro-ph.IM,,,,
LowCC,LowMedRC,HighMedDC,tensAuths,lowJR,Newish,astro-ph.GA,,,,,
LowCC,LowRC,LowMedDC,tensAuths,lowJR,New,astro-ph.GA,astro-ph.IM,,,,
LowCC,LowRC,LowDC,tensAuths,lowJR,New,astro-ph.EP,,,,,
LowCC,LowRC,LowDC,tensAuths,lowJR,New,astro-ph.SR,astro-ph.GA,,,,
LowCC,LowRC,LowMedDC,fewAuth,highMedJR,New,astro-ph.HE,astro-ph.GA,physics.plasm-ph,,,
LowCC,LowRC,LowMedDC,tensAuths,lowMedJR,New,astro-ph.HE,astro-ph.GA,astro-ph.SR,,,
LowCC,LowRC,LowDC,hundredsAuths,lowJR,New,astro-ph.HE,astro-ph.GA,,,,
LowCC,LowRC,LowMedDC,tensAuths,lowJR,New,astro-ph.EP,astro-ph.SR,,,,
LowCC,LowRC,LowDC,tensAuths,lowMedJR,New,astro-ph.EP,,,,,
LowCC,LowRC,LowMedDC,tensAuths,lowJR,New,astro-ph.GA,astro-ph.CO,,,,
LowCC,LowRC,LowDC,tensAuths,lowJR,New,astro-ph.GA,,,,,
LowCC,LowRC,LowDC,tensAuths,lowMedJR,New,astro-ph.SR,astro-ph.GA,astro-ph.HE,,,
LowCC,LowRC,LowDC,fewAuth,lowJR,New,astro-ph.SR,,,,,
LowCC,LowRC,LowDC,tensAuths,lowJR,New,astro-ph.GA,,,,,
LowCC,LowRC,LowMedDC,tensAuths,veryHighJR,New,astro-ph.EP,,,,,
LowCC,LowRC,LowDC,hundredsAuths,lowJR,New,astro-ph.CO,astro-ph.GA,gr-qc,,,
LowCC,LowRC,LowDC,tensAuths,lowJR,New,astro-ph.SR,astro-ph.GA,,,,
LowCC,LowRC,LowDC,tensAuths,lowJR,New,astro-ph.GA,,,,,
LowCC,LowRC,LowMedDC,tensAuths,lowMedJR,New,astro-ph.GA,,,,,
LowCC,LowRC,LowMedDC,tensAuths,lowMedJR,New,astro-ph.EP,astro-ph.SR,,,,
LowCC,LowRC,LowDC,tensAuths,lowJR,New,astro-ph.GA,,,,,
LowCC,LowRC,LowDC,hundredsAuths,lowJR,New,astro-ph.CO,,,,,
LowCC,LowRC,LowMedDC,fewAuth,lowJR,New,astro-ph.HE,astro-ph.SR,,,,
LowCC,LowRC,LowDC,tensAuths,lowJR,New,astro-ph.GA,,,,,
LowCC,LowRC,LowDC,tensAuths,lowJR,New,astro-ph.GA,,,,,
LowCC,LowRC,LowDC,tensAuths,lowJR,New,astro-ph.HE,astro-ph.SR,,,,
LowCC,LowRC,LowDC,hundredsAuths,lowJR,New,astro-ph.CO,hep-ph,,,,
LowCC,LowRC,LowMedDC,fewAuth,veryHighJR,New,astro-ph.EP,,,,,
LowCC,LowRC,LowMedDC,hundredsAuths,lowJR,New,astro-ph.SR,astro-ph.GA,astro-ph.IM,,,
LowCC,LowRC,LowMedDC,fewAuth,lowMedJR,New,astro-ph.HE,,,,,
LowCC,LowRC,LowMedDC,tensAuths,lowJR,New,astro-ph.GA,astro-ph.CO,,,,
LowCC,LowRC,LowMedDC,tensAuths,lowJR,New,astro-ph.GA,,,,,
LowCC,LowRC,LowMedDC,tensAuths,lowMedJR,New,astro-ph.EP,astro-ph.SR,,,,
LowCC,LowRC,LowMedDC,fewAuth,lowJR,New,astro-ph.GA,astro-ph.CO,,,,
LowCC,LowRC,LowDC,fewAuth,lowJR,New,astro-ph.SR,astro-ph.HE,,,,
LowCC,LowRC,LowDC,tensAuths,lowJR,New,astro-ph.HE,astro-ph.GA,,,,
LowCC,LowRC,LowDC,tensAuths,lowJR,New,astro-ph.HE,,,,,
LowCC,LowMedRC,LowMedDC,fewAuth,lowJR,New,astro-ph.SR,,,,,
LowCC,LowRC,LowMedDC,fewAuth,lowJR,New,astro-ph.GA,astro-ph.CO,,,,
LowCC,LowRC,LowMedDC,tensAuths,veryHighJR,New,astro-ph.EP,,,,,
LowCC,LowRC,LowDC,hundredsAuths,lowMedJR,New,astro-ph.EP,,,,,
LowCC,LowRC,LowDC,hundredsAuths,lowJR,New,astro-ph.GA,,,,,
LowCC,LowRC,LowDC,tensAuths,lowMedJR,New,astro-ph.EP,astro-ph.HE,astro-ph.SR,,,
LowCC,LowRC,LowMedDC,tensAuths,lowMedJR,New,astro-ph.GA,astro-ph.HE,,,,
LowCC,LowMedRC,LowMedDC,tensAuths,lowJR,New,astro-ph.GA,,,,,
LowCC,LowRC,LowDC,tensAuths,lowJR,New,astro-ph.GA,astro-ph.CO,,,,
LowCC,LowRC,LowDC,fewAuth,lowJR,New,astro-ph.GA,,,,,
LowCC,LowRC,LowDC,fewAuth,lowJR,New,astro-ph.SR,astro-ph.EP,,,,
LowCC,LowRC,LowMedDC,tensAuths,lowJR,New,astro-ph.GA,astro-ph.CO,,,,
LowCC,LowRC,LowMedDC,hundredsAuths,lowMedJR,New,astro-ph.HE,astro-ph.SR,,,,
LowCC,LowRC,LowDC,tensAuths,lowJR,New,astro-ph.GA,,,,,
LowCC,LowRC,LowDC,tensAuths,lowJR,New,astro-ph.EP,astro-ph.SR,,,,
LowCC,LowRC,LowMedDC,tensAuths,lowJR,New,astro-ph.HE,,,,,
LowCC,LowRC,LowMedDC,fewAuth,highJR,New,astro-ph.HE,astro-ph.CO,,,,
LowCC,LowRC,LowDC,tensAuths,lowMedJR,New,astro-ph.HE,,,,,
LowCC,LowRC,LowDC,fewAuth,lowMedJR,New,astro-ph.EP,,,,,
LowCC,LowRC,LowDC,hundredsAuths,lowMedJR,New,astro-ph.HE,,,,,
LowCC,LowMedRC,LowMedDC,fewAuth,lowJR,New,astro-ph.GA,,,,,
LowCC,LowRC,LowMedDC,fewAuth,lowJR,New,astro-ph.HE,astro-ph.SR,,,,
LowCC,LowRC,LowDC,tensAuths,lowJR,New,astro-ph.EP,astro-ph.SR,,,,
LowCC,LowRC,LowDC,fewAuth,lowJR,New,astro-ph.EP,astro-ph.SR,physics.geo-ph,,,
LowCC,LowRC,LowDC,tensAuths,lowJR,New,astro-ph.SR,astro-ph.EP,,,,
LowCC,LowRC,LowDC,tensAuths,lowJR,New,astro-ph.GA,,,,,
LowCC,LowRC,LowDC,fewAuth,lowJR,New,astro-ph.GA,,,,,
LowCC,LowMedRC,LowMedDC,hundredsAuths,lowJR,New,astro-ph.GA,,,,,
LowCC,LowMedRC,LowMedDC,hundredsAuths,lowJR,New,astro-ph.GA,astro-ph.CO,astro-ph.EP,astro-ph.HE,astro-ph.IM,astro-ph.SR
LowCC,LowRC,LowMedDC,tensAuths,lowJR,New,astro-ph.GA,astro-ph.CO,astro-ph.HE,,,
LowCC,LowRC,LowDC,tensAuths,lowJR,New,astro-ph.EP,,,,,
LowCC,LowRC,LowDC,tensAuths,lowJR,New,astro-ph.GA,astro-ph.CO,,,,
LowCC,LowRC,LowMedDC,tensAuths,lowJR,New,astro-ph.GA,astro-ph.CO,,,,
LowCC,LowRC,LowDC,tensAuths,lowJR,New,astro-ph.GA,,,,,
LowCC,LowRC,LowDC,tensAuths,lowJR,New,astro-ph.EP,astro-ph.SR,,,,
LowCC,LowRC,LowDC,tensAuths,lowMedJR,New,astro-ph.EP,astro-ph.GA,astro-ph.SR,,,
LowCC,LowRC,LowMedDC,tensAuths,lowMedJR,New,astro-ph.GA,,,,,
LowCC,LowRC,LowDC,tensAuths,lowJR,New,astro-ph.GA,,,,,
LowCC,LowRC,LowDC,thousandsAuths,lowJR,New,astro-ph.HE,,,,,
LowCC,LowRC,LowMedDC,tensAuths,lowJR,New,astro-ph.GA,,,,,
LowCC,LowRC,LowMedDC,tensAuths,lowJR,New,astro-ph.GA,,,,,
LowCC,LowRC,LowMedDC,fewAuth,lowMedJR,New,astro-ph.CO,,,,,
LowCC,LowRC,LowDC,fewAuth,lowJR,New,astro-ph.EP,astro-ph.GA,astro-ph.SR,,,
LowCC,LowRC,LowMedDC,tensAuths,lowMedJR,New,astro-ph.GA,astro-ph.CO,astro-ph.SR,,,
LowCC,LowRC,LowMedDC,tensAuths,lowJR,New,astro-ph.GA,,,,,
LowCC,LowRC,LowMedDC,fewAuth,highMedJR,New,astro-ph.EP,astro-ph.SR,,,,
LowCC,LowRC,LowDC,tensAuths,lowJR,New,astro-ph.GA,,,,,
LowCC,LowRC,LowDC,tensAuths,lowJR,New,astro-ph.GA,,,,,
LowCC,LowRC,LowDC,tensAuths,lowJR,New,astro-ph.SR,astro-ph.GA,,,,
LowCC,LowRC,LowDC,tensAuths,highJR,New,astro-ph.EP,astro-ph.SR,,,,
LowCC,LowRC,LowDC,tensAuths,lowJR,New,astro-ph.GA,,,,,
LowCC,LowRC,LowDC,tensAuths,lowMedJR,New,astro-ph.EP,,,,,
LowCC,LowRC,LowMedDC,tensAuths,lowJR,New,astro-ph.GA,,,,,
LowCC,LowRC,LowDC,tensAuths,lowJR,New,astro-ph.GA,,,,,
LowCC,LowRC,LowDC,fewAuth,lowJR,New,astro-ph.GA,,,,,
LowCC,LowRC,LowDC,tensAuths,lowJR,New,astro-ph.GA,,,,,
LowCC,LowMedRC,LowMedDC,fewAuth,lowJR,New,astro-ph.EP,astro-ph.SR,,,,
LowCC,LowRC,LowMedDC,fewAuth,lowJR,New,astro-ph.EP,astro-ph.SR,,,,
LowCC,LowRC,LowDC,fewAuth,highMedJR,New,astro-ph.GA,astro-ph.CO,,,,
LowCC,LowMedRC,LowMedDC,fewAuth,lowJR,New,astro-ph.EP,astro-ph.GA,astro-ph.SR,,,
LowCC,LowRC,LowDC,tensAuths,lowJR,New,astro-ph.GA,,,,,
LowCC,LowRC,LowMedDC,tensAuths,lowJR,New,astro-ph.GA,,,,,
LowMedCC,LowMedRC,HighMedDC,tensAuths,veryHighJR,Old,astro-ph.HE,astro-ph.CO,astro-ph.IM,,,
LowCC,LowRC,LowDC,hundredsAuths,lowJR,New,astro-ph.HE,astro-ph.GA,,,,
LowCC,LowRC,LowDC,tensAuths,veryHighJR,New,astro-ph.EP,astro-ph.IM,,,,
LowCC,LowRC,LowDC,fewAuth,lowMedJR,New,astro-ph.GA,,,,,
LowCC,LowRC,LowMedDC,fewAuth,lowJR,New,astro-ph.GA,,,,,
HighMedCC,LowMedRC,LowMedDC,tensAuths,lowMedJR,VeryOld,astro-ph.CO,,,,,
HighMedCC,LowRC,LowDC,thousandsAuths,lowMedJR,Old,astro-ph.HE,gr-qc,,,,
LowCC,LowRC,LowDC,fewAuth,lowJR,New,astro-ph.HE,,,,,
LowCC,LowRC,LowDC,tensAuths,lowJR,New,astro-ph.CO,,,,,
LowCC,LowRC,LowDC,tensAuths,lowMedJR,New,astro-ph.GA,,,,,
LowMedCC,LowMedRC,HighMedDC,fewAuth,lowJR,VeryOld,astro-ph.CO,,,,,
LowMedCC,LowMedRC,HighMedDC,tensAuths,lowMedJR,VeryOld,astro-ph.HE,astro-ph.IM,,,,
LowMedCC,LowMedRC,HighMedDC,fewAuth,veryHighJR,VeryOld,astro-ph.CO,astro-ph.GA,hep-ph,,,
LowMedCC,LowMedRC,HighMedDC,fewAuth,lowJR,VeryOld,astro-ph.HE,,,,,
LowMedCC,HighMedRC,HighMedDC,tensAuths,lowJR,VeryOld,astro-ph.CO,,,,,
LowMedCC,LowMedRC,HighMedDC,tensAuths,lowJR,VeryOld,astro-ph.CO,,,,,
LowMedCC,LowMedRC,HighMedDC,fewAuth,veryHighJR,VeryOld,astro-ph.EP,,,,,
LowMedCC,LowMedRC,LowMedDC,fewAuth,lowJR,VeryOld,astro-ph.GA,,,,,
