doi,num_authors,num_pages,year,categories
10.1007/s00159-010-0032-2,1,52,2010,"['astro-ph.IM', 'astro-ph.CO', 'astro-ph.EP', 'astro-ph.GA', 'astro-ph.HE', 'astro-ph.SR']"
10.1088/0004-6256/140/6/1995,15,20,2010,"['astro-ph.IM', 'astro-ph.CO', 'astro-ph.EP', 'astro-ph.GA', 'astro-ph.HE', 'astro-ph.SR']"
10.1051/0004-6361/202244242,58,18,2022,"['astro-ph.SR', 'astro-ph.CO', 'astro-ph.EP', 'astro-ph.GA', 'astro-ph.HE', 'astro-ph.IM']"
10.1017/pasa.2018.25,27,88,2018,"['astro-ph.IM', 'astro-ph.EP', 'astro-ph.GA', 'astro-ph.HE', 'astro-ph.SR']"
10.1093/pasj/psx081,108,34,2017,"['astro-ph.IM', 'astro-ph.EP', 'astro-ph.GA', 'astro-ph.HE', 'astro-ph.SR']"
10.3847/1538-4357/ac4bca,3,29,2021,"['astro-ph.HE', 'astro-ph.EP', 'astro-ph.GA', 'astro-ph.IM', 'astro-ph.SR']"
10.1016/j.xinn.2022.100224,27,16,2022,"['astro-ph.GA', 'astro-ph.EP', 'astro-ph.HE', 'astro-ph.IM', 'astro-ph.SR']"
10.3847/1538-4365/acb684,17,11,2023,"['astro-ph.SR', 'astro-ph.EP', 'astro-ph.GA', 'astro-ph.HE', 'astro-ph.IM']"
10.5303/JKAS.2015.48.4.207,3,6,2015,"['astro-ph.IM', 'astro-ph.CO', 'astro-ph.EP', 'astro-ph.GA', 'astro-ph.HE']"
10.5281/zenodo.3758549,15,16,2019,"['astro-ph.IM', 'astro-ph.CO', 'astro-ph.EP', 'astro-ph.GA', 'astro-ph.HE']"
10.1088/0004-637X/718/2/963,1,8,2010,"['astro-ph.IM', 'astro-ph.CO', 'astro-ph.EP', 'astro-ph.GA', 'astro-ph.SR']"
10.1117/12.857044,14,12,2010,"['astro-ph.IM', 'astro-ph.CO', 'astro-ph.EP', 'astro-ph.GA', 'astro-ph.SR']"
10.1117/12.862582,1,12,2010,"['astro-ph.IM', 'astro-ph.CO', 'astro-ph.EP', 'astro-ph.GA', 'astro-ph.SR']"
10.1088/0067-0049/210/2/25,1,13,2014,"['astro-ph.EP', 'astro-ph.CO', 'astro-ph.GA', 'astro-ph.IM', 'astro-ph.SR']"
10.1093/mnras/sty409,3,17,2018,"['astro-ph.IM', 'astro-ph.CO', 'astro-ph.EP', 'astro-ph.GA', 'astro-ph.SR']"
10.3847/1538-4357/aa8666,2,12,2017,"['astro-ph.IM', 'astro-ph.CO', 'astro-ph.EP', 'astro-ph.GA', 'astro-ph.SR']"
10.1016/j.jcp.2017.10.024,3,26,2017,"['astro-ph.IM', 'astro-ph.CO', 'astro-ph.EP', 'astro-ph.GA', 'astro-ph.SR']"
10.1017/pasa.2019.5,40,46,2019,"['astro-ph.IM', 'astro-ph.CO', 'astro-ph.EP', 'astro-ph.GA', 'astro-ph.SR']"
10.1088/1538-3873/aadb77,15,28,2018,"['astro-ph.IM', 'astro-ph.CO', 'astro-ph.EP', 'astro-ph.GA', 'astro-ph.SR']"
10.5281/zenodo.842713,105,312,2017,"['astro-ph.IM', 'astro-ph.CO', 'astro-ph.EP', 'astro-ph.GA', 'astro-ph.SR']"
10.1080/00107514.2018.1467648,1,67,2018,"['astro-ph.IM', 'astro-ph.CO', 'astro-ph.EP', 'astro-ph.GA', 'astro-ph.SR']"
10.1051/0004-6361/202243964,21,42,2022,"['astro-ph.SR', 'astro-ph.CO', 'astro-ph.EP', 'astro-ph.GA', 'astro-ph.IM']"
10.18716/kups/64624,4,59,2022,"['astro-ph.IM', 'astro-ph.CO', 'astro-ph.EP', 'astro-ph.GA', 'astro-ph.SR']"
10.1093/mnras/stac3461,5,16,2022,"['astro-ph.IM', 'astro-ph.CO', 'astro-ph.EP', 'astro-ph.GA', 'astro-ph.SR']"
10.1080/00107514.2023.2266921,2,25,2023,"['astro-ph.IM', 'astro-ph.CO', 'astro-ph.EP', 'astro-ph.GA', 'astro-ph.SR']"
10.1093/mnrasl/slu166,3,5,2014,"['astro-ph.SR', 'astro-ph.EP', 'astro-ph.HE', 'astro-ph.IM']"
10.1086/680521,14,16,2015,"['astro-ph.IM', 'astro-ph.EP', 'astro-ph.HE', 'astro-ph.SR']"
10.1002/asna.20210068,21,6,2021,"['astro-ph.IM', 'astro-ph.EP', 'astro-ph.HE', 'astro-ph.SR']"
10.1093/mnras/stac2831,2,21,2023,"['astro-ph.EP', 'astro-ph.HE', 'astro-ph.IM', 'astro-ph.SR']"
10.3847/1538-4365/acae8d,22,50,2022,"['astro-ph.SR', 'astro-ph.EP', 'astro-ph.HE', 'astro-ph.IM']"
10.1088/1538-3873/ac4811,19,17,2021,"['astro-ph.IM', 'astro-ph.EP', 'astro-ph.HE', 'astro-ph.SR']"
10.3847/1538-4357/ac7f2c,6,27,2022,"['astro-ph.SR', 'astro-ph.EP', 'astro-ph.HE', 'astro-ph.IM']"
10.1093/mnras/stad981,3,8,2023,"['astro-ph.SR', 'astro-ph.EP', 'astro-ph.HE', 'astro-ph.IM']"
10.1038/s41550-023-02188-2,31,24,2024,"['astro-ph.SR', 'astro-ph.EP', 'astro-ph.HE', 'astro-ph.IM']"
10.1088/1538-3873/ad77f3,21,21,2024,"['astro-ph.IM', 'astro-ph.EP', 'astro-ph.GA', 'astro-ph.HE']"
10.1093/mnras/stx837,25,22,2017,"['astro-ph.HE', 'astro-ph.EP', 'astro-ph.GA', 'astro-ph.IM']"
10.1016/j.newar.2009.02.001,2,36,2009,"['astro-ph.CO', 'astro-ph.EP', 'astro-ph.HE', 'astro-ph.IM']"
10.1111/j.1745-3933.2010.00945.x,3,5,2010,"['astro-ph.SR', 'astro-ph.EP', 'astro-ph.GA', 'astro-ph.IM']"
10.1088/0004-637X/813/2/100,7,10,2015,"['astro-ph.SR', 'astro-ph.EP', 'astro-ph.GA', 'astro-ph.IM']"
10.1093/mnras/stw103,4,14,2016,"['astro-ph.IM', 'astro-ph.EP', 'astro-ph.GA', 'astro-ph.SR']"
10.1016/j.jms.2016.03.005,5,16,2016,"['astro-ph.IM', 'astro-ph.EP', 'astro-ph.GA', 'astro-ph.SR']"
10.1088/1538-3873/aabfb6,8,14,2019,"['astro-ph.SR', 'astro-ph.EP', 'astro-ph.GA', 'astro-ph.IM']"
10.1007/s11207-019-1500-0,5,16,2019,"['astro-ph.SR', 'astro-ph.EP', 'astro-ph.GA', 'astro-ph.IM']"
10.1051/0004-6361/201936810,4,17,2020,"['astro-ph.SR', 'astro-ph.EP', 'astro-ph.GA', 'astro-ph.IM']"
10.5303/JKAS.2020.53.5.99,1,4,2020,"['astro-ph.IM', 'astro-ph.EP', 'astro-ph.GA', 'astro-ph.SR']"
10.1093/mnras/staa471,6,13,2020,"['astro-ph.SR', 'astro-ph.EP', 'astro-ph.GA', 'astro-ph.IM']"
10.1093/mnras/staa540,2,10,2020,"['astro-ph.SR', 'astro-ph.EP', 'astro-ph.GA', 'astro-ph.IM']"
10.1051/0004-6361/201833774,28,2,2020,"['astro-ph.SR', 'astro-ph.EP', 'astro-ph.GA', 'astro-ph.IM']"
10.1093/mnras/staa2375,4,24,2020,"['astro-ph.EP', 'astro-ph.GA', 'astro-ph.IM', 'astro-ph.SR']"
10.1093/mnras/staa3674,12,11,2020,"['astro-ph.EP', 'astro-ph.GA', 'astro-ph.IM', 'astro-ph.SR']"
10.1093/mnras/staa3682,2,17,2020,"['astro-ph.IM', 'astro-ph.EP', 'astro-ph.GA', 'astro-ph.SR']"
10.1051/0004-6361/202040077,4,11,2021,"['astro-ph.GA', 'astro-ph.EP', 'astro-ph.IM', 'astro-ph.SR']"
10.3847/1538-4365/abf93c,1,18,2021,"['astro-ph.GA', 'astro-ph.EP', 'astro-ph.IM', 'astro-ph.SR']"
10.3847/1538-3881/ac1c09,34,11,2021,"['astro-ph.EP', 'astro-ph.GA', 'astro-ph.IM', 'astro-ph.SR']"
10.1051/0004-6361/202141939,49,9,2021,"['astro-ph.EP', 'astro-ph.GA', 'astro-ph.IM', 'astro-ph.SR']"
10.1051/0004-6361/201936393,5,24,2021,"['astro-ph.SR', 'astro-ph.EP', 'astro-ph.GA', 'astro-ph.IM']"
10.1051/0004-6361/202140614,16,13,2021,"['astro-ph.IM', 'astro-ph.EP', 'astro-ph.GA', 'astro-ph.SR']"
10.1051/0004-6361/202141623,2,17,2021,"['astro-ph.EP', 'astro-ph.GA', 'astro-ph.IM', 'astro-ph.SR']"
10.1051/0004-6361/202243134,168,38,2022,"['astro-ph.SR', 'astro-ph.EP', 'astro-ph.GA', 'astro-ph.IM']"
10.1051/0004-6361/202244032,6,29,2022,"['astro-ph.IM', 'astro-ph.EP', 'astro-ph.GA', 'astro-ph.SR']"
10.1093/mnras/stx2582,25,20,2017,"['astro-ph.SR', 'astro-ph.EP', 'astro-ph.GA', 'astro-ph.IM']"
10.1093/mnras/stz306,43,26,2018,"['astro-ph.EP', 'astro-ph.GA', 'astro-ph.IM', 'astro-ph.SR']"
10.3847/1538-4365/aaec06,1,14,2018,"['astro-ph.SR', 'astro-ph.EP', 'astro-ph.GA', 'astro-ph.IM']"
10.1093/mnras/staa786,1,20,2020,"['astro-ph.EP', 'astro-ph.GA', 'astro-ph.IM', 'astro-ph.SR']"
10.1051/0004-6361/202037587,4,13,2020,"['astro-ph.IM', 'astro-ph.EP', 'astro-ph.GA', 'astro-ph.SR']"
10.3847/1538-3881/aba75b,8,26,2020,"['astro-ph.EP', 'astro-ph.GA', 'astro-ph.IM', 'astro-ph.SR']"
10.3847/1538-3881/abfc4a,20,47,2021,"['astro-ph.EP', 'astro-ph.GA', 'astro-ph.IM', 'astro-ph.SR']"
10.1093/mnras/staa2745,1,19,2020,"['astro-ph.SR', 'astro-ph.EP', 'astro-ph.GA', 'astro-ph.IM']"
10.25949/zdaw-rx65,21,141,2020,"['astro-ph.IM', 'astro-ph.EP', 'astro-ph.GA', 'astro-ph.SR']"
10.3847/1538-3881/ac205c,6,21,2020,"['astro-ph.GA', 'astro-ph.EP', 'astro-ph.IM', 'astro-ph.SR']"
10.3847/1538-3881/abf930,57,2,2021,"['astro-ph.EP', 'astro-ph.GA', 'astro-ph.IM', 'astro-ph.SR']"
10.3847/1538-4357/ac3fbb,7,16,2021,"['astro-ph.IM', 'astro-ph.EP', 'astro-ph.GA', 'astro-ph.SR']"
10.1088/1538-3873/ac5b89,7,16,2022,"['astro-ph.IM', 'astro-ph.EP', 'astro-ph.GA', 'astro-ph.SR']"
10.1051/0004-6361/202243161,21,10,2022,"['astro-ph.EP', 'astro-ph.GA', 'astro-ph.IM', 'astro-ph.SR']"
10.3847/2041-8213/ac8c2b,2,10,2022,"['astro-ph.EP', 'astro-ph.GA', 'astro-ph.IM', 'astro-ph.SR']"
10.1088/1674-4527/ac77e4,22,39,2022,"['astro-ph.EP', 'astro-ph.GA', 'astro-ph.IM', 'astro-ph.SR']"
10.1051/0004-6361/202244193,2,11,2022,"['astro-ph.SR', 'astro-ph.EP', 'astro-ph.GA', 'astro-ph.IM']"
10.1051/0004-6361/202243782,450,60,2022,"['astro-ph.SR', 'astro-ph.EP', 'astro-ph.GA', 'astro-ph.IM']"
10.1051/0004-6361/202243800,448,35,2022,"['astro-ph.SR', 'astro-ph.EP', 'astro-ph.GA', 'astro-ph.IM']"
10.1093/mnras/stac2928,8,16,2022,"['astro-ph.SR', 'astro-ph.EP', 'astro-ph.GA', 'astro-ph.IM']"
10.1051/0004-6361/202244207,8,12,2022,"['astro-ph.EP', 'astro-ph.GA', 'astro-ph.IM', 'astro-ph.SR']"
10.3847/1538-4365/ac98fd,8,14,2022,"['astro-ph.EP', 'astro-ph.GA', 'astro-ph.IM', 'astro-ph.SR']"
10.1051/0004-6361/202142970,2,15,2022,"['astro-ph.IM', 'astro-ph.EP', 'astro-ph.GA', 'astro-ph.SR']"
10.1140/epjp/s13360-022-03377-0,4,17,2022,"['astro-ph.SR', 'astro-ph.EP', 'astro-ph.GA', 'astro-ph.IM']"
10.18716/kups/64624,1,5,2022,"['astro-ph.IM', 'astro-ph.EP', 'astro-ph.GA', 'astro-ph.SR']"
10.1093/mnras/stad319,2,20,2023,"['astro-ph.EP', 'astro-ph.GA', 'astro-ph.IM', 'astro-ph.SR']"
10.1051/0004-6361/202243514,5,17,2023,"['astro-ph.SR', 'astro-ph.EP', 'astro-ph.GA', 'astro-ph.IM']"
10.3847/1538-3881/acc526,4,14,2023,"['astro-ph.GA', 'astro-ph.EP', 'astro-ph.IM', 'astro-ph.SR']"
10.1093/mnras/stad2655,2,14,2023,"['astro-ph.EP', 'astro-ph.GA', 'astro-ph.IM', 'astro-ph.SR']"
10.1093/mnras/stab3108,3,8,2023,"['astro-ph.EP', 'astro-ph.GA', 'astro-ph.IM', 'astro-ph.SR']"
10.1093/mnras/stad1899,3,10,2023,"['astro-ph.GA', 'astro-ph.EP', 'astro-ph.IM', 'astro-ph.SR']"
10.3847/1538-4357/acf31e,8,12,2023,"['astro-ph.SR', 'astro-ph.EP', 'astro-ph.GA', 'astro-ph.IM']"
10.3847/1538-3881/ad05c1 10.3847/1538-3881/ad5e7c,1,14,2023,"['astro-ph.EP', 'astro-ph.GA', 'astro-ph.IM', 'astro-ph.SR', '85A99']"
10.1051/0004-6361/202347767,6,15,2024,"['astro-ph.SR', 'astro-ph.EP', 'astro-ph.GA', 'astro-ph.IM']"
10.12688/openreseurope.17450.1,41,27,2024,"['astro-ph.GA', 'astro-ph.EP', 'astro-ph.IM', 'astro-ph.SR']"
10.3847/1538-4357/ad8b26,7,28,2024,"['astro-ph.SR', 'astro-ph.EP', 'astro-ph.GA', 'astro-ph.IM']"
10.1088/1538-3873/ad70d7,5,18,2024,"['astro-ph.EP', 'astro-ph.GA', 'astro-ph.IM', 'astro-ph.SR']"
10.3847/1538-4357/ad779f,2,12,2024,"['astro-ph.IM', 'astro-ph.EP', 'astro-ph.GA', 'astro-ph.SR']"
10.3847/1538-4357/ad88f5,5,15,2024,"['astro-ph.SR', 'astro-ph.EP', 'astro-ph.GA', 'astro-ph.IM']"
10.33232/001c.125461,7,22,2024,"['astro-ph.SR', 'astro-ph.EP', 'astro-ph.GA', 'astro-ph.IM']"
10.1038/s41550-024-02393-7,10,19,2024,"['astro-ph.SR', 'astro-ph.EP', 'astro-ph.GA', 'astro-ph.IM']"
10.1007/978-94-007-5606-9_7,1,82,2012,"['astro-ph.EP', 'astro-ph.CO', 'astro-ph.GA', 'astro-ph.HE', 'astro-ph.SR']"
10.1088/0004-637X/776/1/48,2,15,2013,"['astro-ph.EP', 'astro-ph.CO', 'astro-ph.GA', 'astro-ph.HE', 'astro-ph.SR']"
10.1051/0004-6361/201424109,9,14,2014,"['astro-ph.SR', 'astro-ph.CO', 'astro-ph.EP', 'astro-ph.GA', 'astro-ph.HE']"
10.1051/0004-6361/201424110,5,24,2014,"['astro-ph.SR', 'astro-ph.CO', 'astro-ph.EP', 'astro-ph.GA', 'astro-ph.HE']"
10.1051/0004-6361/201424111,4,18,2014,"['astro-ph.SR', 'astro-ph.CO', 'astro-ph.EP', 'astro-ph.GA', 'astro-ph.HE']"
10.1017/pasa.2018.43,16,23,2018,"['astro-ph.IM', 'astro-ph.CO', 'astro-ph.EP', 'astro-ph.SR']"
10.1051/0004-6361/201118197,3,5,2011,"['astro-ph.SR', 'astro-ph.CO', 'astro-ph.GA', 'astro-ph.HE', 'astro-ph.IM']"
10.1093/mnras/stz2042,1,16,2019,"['astro-ph.IM', 'astro-ph.CO', 'astro-ph.GA', 'astro-ph.HE', 'astro-ph.SR']"
10.1093/mnras/stac262,1,12,2022,"['astro-ph.GA', 'astro-ph.CO', 'astro-ph.HE', 'astro-ph.IM', 'astro-ph.SR', '85A05']"
10.1093/mnras/stt764,3,23,2013,"['astro-ph.IM', 'astro-ph.CO', 'astro-ph.GA', 'astro-ph.HE', 'astro-ph.SR', '85-04, 85-08, 62-04', 'J.2; G.3; G.4; I.6.8']"
10.1093/mnras/stt1776,2,8,2013,"['astro-ph.IM', 'astro-ph.CO', 'astro-ph.GA', 'astro-ph.HE', 'astro-ph.SR']"
10.1086/675262,16,29,2014,"['astro-ph.IM', 'astro-ph.CO', 'astro-ph.GA', 'astro-ph.HE', 'astro-ph.SR']"
10.1093/mnras/sty3089,2,9,2018,"['astro-ph.GA', 'astro-ph.CO', 'astro-ph.HE', 'astro-ph.IM', 'astro-ph.SR']"
10.1093/mnras/stac645,7,19,2022,"['astro-ph.GA', 'astro-ph.CO', 'astro-ph.HE', 'astro-ph.IM', 'astro-ph.SR', '85A05']"
10.1007/s10686-022-09880-7,299,48,2022,"['astro-ph.IM', 'astro-ph.CO', 'astro-ph.GA', 'astro-ph.HE', 'astro-ph.SR']"
10.1093/mnras/sty674,9,18,2018,"['astro-ph.GA', 'astro-ph.CO', 'astro-ph.HE', 'astro-ph.IM', 'astro-ph.SR']"
10.3847/2041-8213/ac1c0c,4,11,2021,"['astro-ph.HE', 'astro-ph.CO', 'astro-ph.GA', 'astro-ph.IM', 'astro-ph.SR', '85A05']"
10.1093/mnras/stac3489,21,26,2022,"['astro-ph.GA', 'astro-ph.CO', 'astro-ph.HE', 'astro-ph.IM', 'astro-ph.SR']"
10.1007/s11433-023-2149-y,54,52,2023,"['astro-ph.GA', 'astro-ph.CO', 'astro-ph.HE', 'astro-ph.IM', 'astro-ph.SR']"
10.1051/0004-6361/202449786,26,28,2025,"['astro-ph.IM', 'astro-ph.CO', 'astro-ph.GA', 'astro-ph.HE', 'astro-ph.SR']"
10.1038/ncomms15003,6,35,2017,"['astro-ph.IM', 'astro-ph.CO', 'astro-ph.EP', 'astro-ph.GA']"
10.1093/mnras/stz2662,1,9,2019,"['astro-ph.EP', 'astro-ph.CO', 'astro-ph.GA', 'astro-ph.IM']"
10.1093/mnras/stz884,1,8,2019,"['astro-ph.EP', 'astro-ph.CO', 'astro-ph.GA', 'astro-ph.IM']"
10.61977/ati2024008,31,28,2024,"['astro-ph.IM', 'astro-ph.CO', 'astro-ph.EP', 'astro-ph.GA']"
10.1051/0004-6361/202140667,5,35,2021,"['astro-ph.GA', 'astro-ph.EP', 'astro-ph.HE', 'astro-ph.SR']"
10.1111/j.1365-2966.2012.21444.x,3,20,2012,"['astro-ph.EP', 'astro-ph.GA', 'astro-ph.HE', 'astro-ph.SR']"
10.1088/0004-637X/782/2/60,2,13,2014,"['astro-ph.SR', 'astro-ph.EP', 'astro-ph.GA', 'astro-ph.HE']"
10.1093/mnras/staa2778,5,7,2020,"['astro-ph.GA', 'astro-ph.EP', 'astro-ph.HE', 'astro-ph.SR']"
10.1093/mnras/stac2154,1,19,2022,"['astro-ph.SR', 'astro-ph.EP', 'astro-ph.GA', 'astro-ph.HE']"
10.3847/2041-8213/ad7e1a,3,7,2024,"['astro-ph.SR', 'astro-ph.EP', 'astro-ph.GA', 'astro-ph.HE']"
10.1051/0004-6361/201630241,7,15,2017,"['astro-ph.SR', 'astro-ph.EP', 'astro-ph.GA', 'astro-ph.HE']"
10.1093/mnras/stz3413,6,15,2019,"['astro-ph.SR', 'astro-ph.EP', 'astro-ph.GA', 'astro-ph.HE']"
10.1093/mnras/stz3601,2,7,2019,"['astro-ph.SR', 'astro-ph.EP', 'astro-ph.GA', 'astro-ph.HE']"
10.1016/j.newast.2020.101493,2,20,2020,"['astro-ph.HE', 'astro-ph.EP', 'astro-ph.GA', 'astro-ph.SR']"
10.3847/1538-4357/acd1e0,4,17,2023,"['astro-ph.SR', 'astro-ph.EP', 'astro-ph.GA', 'astro-ph.HE']"
10.1093/mnras/stad1988,2,20,2023,"['astro-ph.GA', 'astro-ph.EP', 'astro-ph.HE', 'astro-ph.SR']"
10.1051/0004-6361/202347532,3,30,2023,"['astro-ph.SR', 'astro-ph.EP', 'astro-ph.GA', 'astro-ph.HE']"
10.1093/mnrasl/slad183,3,6,2023,"['astro-ph.EP', 'astro-ph.GA', 'astro-ph.HE', 'astro-ph.SR']"
10.1093/mnras/stv125,7,12,2015,"['astro-ph.HE', 'astro-ph.GA', 'astro-ph.IM', 'astro-ph.SR']"
10.3847/1538-3881/abd5c1,26,39,2020,"['astro-ph.IM', 'astro-ph.GA', 'astro-ph.HE', 'astro-ph.SR']"
10.3847/1538-4365/ac2fa1,10,79,2021,"['astro-ph.GA', 'astro-ph.HE', 'astro-ph.IM', 'astro-ph.SR']"
10.1088/0004-637X/708/2/1760,5,39,2009,"['astro-ph.SR', 'astro-ph.GA', 'astro-ph.HE', 'astro-ph.IM']"
10.1093/mnras/stv333,4,7,2015,"['astro-ph.HE', 'astro-ph.GA', 'astro-ph.IM', 'astro-ph.SR']"
10.1051/0004-6361/201425196,87,38,2015,"['astro-ph.HE', 'astro-ph.GA', 'astro-ph.IM', 'astro-ph.SR']"
10.3847/0004-637X/817/2/139,2,32,2016,"['astro-ph.HE', 'astro-ph.GA', 'astro-ph.IM', 'astro-ph.SR']"
10.3847/0004-637X/818/2/105,13,26,2016,"['astro-ph.HE', 'astro-ph.GA', 'astro-ph.IM', 'astro-ph.SR']"
10.1007/s00159-018-0107-z,3,50,2018,"['astro-ph.SR', 'astro-ph.GA', 'astro-ph.HE', 'astro-ph.IM']"
10.1093/mnras/stz440,2,15,2019,"['astro-ph.GA', 'astro-ph.HE', 'astro-ph.IM', 'astro-ph.SR', '85A05']"
10.1088/1538-3873/ab6069,27,35,2019,"['astro-ph.IM', 'astro-ph.GA', 'astro-ph.HE', 'astro-ph.SR']"
10.3847/25c2cfeb.13af6a03,3,21,2020,"['astro-ph.IM', 'astro-ph.GA', 'astro-ph.HE', 'astro-ph.SR']"
10.1093/mnras/stz628,4,20,2019,"['astro-ph.GA', 'astro-ph.HE', 'astro-ph.IM', 'astro-ph.SR']"
10.1088/1538-3873/ab99cd,12,19,2020,"['astro-ph.IM', 'astro-ph.GA', 'astro-ph.HE', 'astro-ph.SR']"
10.1051/0004-6361/202141449,4,15,2022,"['astro-ph.SR', 'astro-ph.GA', 'astro-ph.HE', 'astro-ph.IM']"
10.1093/mnras/stac1065,8,13,2022,"['astro-ph.IM', 'astro-ph.GA', 'astro-ph.HE', 'astro-ph.SR']"
10.1088/1538-3873/ac81ed,17,12,2022,"['astro-ph.IM', 'astro-ph.GA', 'astro-ph.HE', 'astro-ph.SR']"
10.1088/1538-3873/ac9642,49,20,2022,"['astro-ph.IM', 'astro-ph.GA', 'astro-ph.HE', 'astro-ph.SR']"
10.1007/s12036-023-09926-y,4,10,2022,"['astro-ph.IM', 'astro-ph.GA', 'astro-ph.HE', 'astro-ph.SR']"
10.1051/0004-6361/202245271,5,9,2022,"['astro-ph.HE', 'astro-ph.GA', 'astro-ph.IM', 'astro-ph.SR']"
10.1093/mnras/stad2024,4,12,2023,"['astro-ph.HE', 'astro-ph.GA', 'astro-ph.IM', 'astro-ph.SR', '85A05']"
10.1007/s11433-023-2197-5,63,48,2023,"['astro-ph.IM', 'astro-ph.GA', 'astro-ph.HE', 'astro-ph.SR']"
10.3847/2041-8213/ad9b26,10,8,2025,"['astro-ph.GA', 'astro-ph.HE', 'astro-ph.IM', 'astro-ph.SR']"
10.1051/0004-6361/201015141,8,22,2010,"['astro-ph.HE', 'astro-ph.CO', 'astro-ph.IM', 'astro-ph.SR']"
10.23919/URSIGASS.2017.8105318,14,4,2017,"['astro-ph.IM', 'astro-ph.CO', 'astro-ph.HE', 'astro-ph.SR']"
10.3847/1538-4357/aaa9b7,2,9,2018,"['astro-ph.HE', 'astro-ph.CO', 'astro-ph.IM', 'astro-ph.SR']"
10.1089/ast.2018.1895,5,13,2018,"['astro-ph.CO', 'astro-ph.EP', 'astro-ph.GA', 'astro-ph.HE']"
10.1117/12.926239,85,15,2012,"['astro-ph.IM', 'astro-ph.CO', 'astro-ph.GA', 'astro-ph.HE']"
10.1051/0004-6361/201526832,5,12,2015,"['astro-ph.GA', 'astro-ph.CO', 'astro-ph.HE', 'astro-ph.IM']"
10.1088/1475-7516/2016/05/038,10,23,2016,"['astro-ph.IM', 'astro-ph.CO', 'astro-ph.GA', 'astro-ph.HE']"
10.1088/1475-7516/2018/03/034,2,7,2018,"['astro-ph.GA', 'astro-ph.CO', 'astro-ph.HE', 'astro-ph.IM']"
10.1093/mnras/stz2033,5,22,2019,"['astro-ph.CO', 'astro-ph.GA', 'astro-ph.HE', 'astro-ph.IM']"
10.1088/1475-7516/2022/09/035,17,32,2022,"['astro-ph.HE', 'astro-ph.CO', 'astro-ph.GA', 'astro-ph.IM']"
10.1093/mnras/stad302,12,30,2023,"['astro-ph.IM', 'astro-ph.CO', 'astro-ph.GA', 'astro-ph.HE']"
10.1146/annurev-astro-082708-101816,2,51,2010,"['astro-ph.HE', 'astro-ph.CO', 'astro-ph.GA', 'astro-ph.IM']"
10.1088/0004-637X/758/2/103,3,11,2012,"['astro-ph.GA', 'astro-ph.CO', 'astro-ph.HE', 'astro-ph.IM']"
10.1093/mnras/stw2941,5,31,2016,"['astro-ph.GA', 'astro-ph.CO', 'astro-ph.HE', 'astro-ph.IM']"
10.1117/12.2232432,91,41,2016,"['astro-ph.IM', 'astro-ph.CO', 'astro-ph.GA', 'astro-ph.HE']"
10.1088/1361-6633/acd2ea,3,55,2023,"['astro-ph.IM', 'astro-ph.CO', 'astro-ph.GA', 'astro-ph.HE']"
10.1007/s10509-010-0438-3,10,47,2010,"['astro-ph.HE', 'astro-ph.CO', 'astro-ph.GA', 'astro-ph.IM']"
10.1051/0004-6361/201833559,107,22,2018,"['astro-ph.GA', 'astro-ph.CO', 'astro-ph.HE', 'astro-ph.IM']"
10.1016/j.ascom.2019.04.001,5,11,2019,"['astro-ph.HE', 'astro-ph.CO', 'astro-ph.GA', 'astro-ph.IM']"
10.3847/1538-3881/ac460a,2,21,2022,"['astro-ph.IM', 'astro-ph.CO', 'astro-ph.GA', 'astro-ph.HE']"
10.1051/0004-6361/202142484,106,29,2022,"['astro-ph.GA', 'astro-ph.CO', 'astro-ph.HE', 'astro-ph.IM']"
10.1038/s41550-024-02303-x,3,13,2024,"['astro-ph.CO', 'astro-ph.GA', 'astro-ph.HE', 'astro-ph.IM']"
10.3847/1538-3881/ab8192,3,21,2020,"['astro-ph.EP', 'astro-ph.CO', 'astro-ph.GA', 'astro-ph.SR']"
10.1093/mnras/stt1115,5,12,2013,"['astro-ph.GA', 'astro-ph.CO', 'astro-ph.EP', 'astro-ph.SR']"
10.1016/j.icarus.2012.11.018,1,27,2011,"['astro-ph.SR', 'astro-ph.CO', 'astro-ph.EP', 'astro-ph.GA']"
10.1051/0004-6361/201118646,20,21,2012,"['astro-ph.GA', 'astro-ph.CO', 'astro-ph.IM', 'astro-ph.SR']"
10.1007/s11214-017-0395-z,6,59,2017,"['astro-ph.GA', 'astro-ph.CO', 'astro-ph.IM', 'astro-ph.SR']"
10.1017/S1743921317002496,8,8,2017,"['astro-ph.SR', 'astro-ph.CO', 'astro-ph.GA', 'astro-ph.IM']"
10.1088/1742-6596/1225/1/012019,1,8,2019,"['astro-ph.IM', 'astro-ph.CO', 'astro-ph.GA', 'astro-ph.SR']"
10.3847/1538-4357/ab5186,2,25,2019,"['astro-ph.GA', 'astro-ph.CO', 'astro-ph.IM', 'astro-ph.SR']"
10.1017/pas.2013.009,61,32,2013,"['astro-ph.IM', 'astro-ph.CO', 'astro-ph.GA', 'astro-ph.SR']"
10.3847/1538-4365/ac00b3,135,29,2021,"['astro-ph.IM', 'astro-ph.CO', 'astro-ph.GA', 'astro-ph.SR']"
10.1093/mnras/stad557,215,41,2023,"['astro-ph.IM', 'astro-ph.CO', 'astro-ph.GA', 'astro-ph.SR']"
10.1088/0067-0049/186/2/308,5,56,2009,"['astro-ph.IM', 'astro-ph.CO', 'astro-ph.GA', 'astro-ph.SR']"
10.1007/978-94-007-5612-0_3,2,34,2011,"['astro-ph.GA', 'astro-ph.CO', 'astro-ph.IM', 'astro-ph.SR']"
10.1111/j.1365-2966.2011.19054.x,33,27,2011,"['astro-ph.IM', 'astro-ph.CO', 'astro-ph.GA', 'astro-ph.SR']"
10.1086/674875,2,20,2014,"['astro-ph.IM', 'astro-ph.CO', 'astro-ph.GA', 'astro-ph.SR']"
10.1016/j.jcp.2016.06.053,3,23,2016,"['astro-ph.IM', 'astro-ph.CO', 'astro-ph.GA', 'astro-ph.SR']"
10.1093/mnras/stx727,19,15,2017,"['astro-ph.GA', 'astro-ph.CO', 'astro-ph.IM', 'astro-ph.SR']"
10.3847/1538-4357/aa71aa,4,20,2017,"['astro-ph.GA', 'astro-ph.CO', 'astro-ph.IM', 'astro-ph.SR']"
10.3847/1538-4365/aae9f0,202,30,2019,"['astro-ph.IM', 'astro-ph.CO', 'astro-ph.GA', 'astro-ph.SR']"
10.1093/pasj/psz103,65,26,2019,"['astro-ph.IM', 'astro-ph.CO', 'astro-ph.GA', 'astro-ph.SR']"
10.1093/mnras/stab1835,28,27,2021,"['astro-ph.GA', 'astro-ph.CO', 'astro-ph.IM', 'astro-ph.SR']"
10.1093/mnras/stac2748,7,15,2022,"['astro-ph.GA', 'astro-ph.CO', 'astro-ph.IM', 'astro-ph.SR']"
10.3847/1538-4357/ad642c,6,17,2024,"['astro-ph.GA', 'astro-ph.CO', 'astro-ph.IM', 'astro-ph.SR']"
10.1093/pasj/psw053,6,22,2016,"['astro-ph.IM', 'astro-ph.CO', 'astro-ph.EP', 'astro-ph.GA', 'astro-ph.SR', 'physics.comp-ph']"
10.1088/1538-3873/ab3e18,1,26,2019,"['astro-ph.IM', 'astro-ph.CO', 'astro-ph.EP', 'astro-ph.GA', 'astro-ph.SR', 'physics.soc-ph']"
10.5802/crphys.204,1,28,2024,"['astro-ph.SR', 'astro-ph.EP', 'astro-ph.HE', 'astro-ph.IM', 'physics.plasm-ph']"
10.1007/JHEP10(2022)186,2,34,2022,"['hep-ph', 'astro-ph.CO', 'astro-ph.EP', 'astro-ph.HE', 'astro-ph.IM']"
10.3847/1538-3881/ad779a,6,15,2024,"['astro-ph.IM', 'astro-ph.CO', 'astro-ph.EP', 'astro-ph.HE', 'physics.ins-det']"
10.1088/0004-637X/801/2/120,5,7,2015,"['astro-ph.GA', 'astro-ph.EP', 'astro-ph.IM', 'astro-ph.SR', 'physics.chem-ph']"
10.1093/mnras/stab1296,3,7,2021,"['physics.comp-ph', 'astro-ph.EP', 'astro-ph.GA', 'astro-ph.IM', 'astro-ph.SR']"
10.1017/S147355042100032X,1,17,2021,"['astro-ph.EP', 'astro-ph.GA', 'astro-ph.IM', 'astro-ph.SR', 'physics.pop-ph']"
10.1038/s41550-022-01671-6,3,21,2022,"['astro-ph.EP', 'astro-ph.GA', 'astro-ph.IM', 'astro-ph.SR', 'cs.LG']"
10.1093/mnras/stac2232,3,16,2022,"['astro-ph.IM', 'astro-ph.EP', 'astro-ph.GA', 'astro-ph.SR', 'physics.ao-ph']"
10.1103/PhysRevD.105.044012,2,28,2021,"['gr-qc', 'astro-ph.EP', 'astro-ph.GA', 'astro-ph.IM', 'astro-ph.SR']"
10.1093/mnras/stac2130,2,12,2022,"['astro-ph.EP', 'astro-ph.GA', 'astro-ph.IM', 'astro-ph.SR', 'gr-qc']"
10.3847/1538-4357/ac7724,3,23,2022,"['astro-ph.EP', 'astro-ph.GA', 'astro-ph.IM', 'astro-ph.SR', 'physics.optics']"
10.1051/0004-6361/202243972,8,11,2022,"['astro-ph.GA', 'astro-ph.EP', 'astro-ph.IM', 'astro-ph.SR', 'gr-qc']"
10.3847/1538-4357/acaf4f,2,26,2022,"['astro-ph.IM', 'astro-ph.EP', 'astro-ph.GA', 'astro-ph.SR', 'gr-qc']"
10.3847/1538-4357/acd698,4,15,2023,"['astro-ph.IM', 'astro-ph.EP', 'astro-ph.GA', 'astro-ph.SR', 'physics.comp-ph']"
10.1051/0004-6361/202347354,1,7,2023,"['astro-ph.IM', 'astro-ph.EP', 'astro-ph.GA', 'astro-ph.SR', 'stat.ML']"
10.1093/mnras/staa106,4,15,2020,"['astro-ph.IM', 'astro-ph.CO', 'astro-ph.EP', 'astro-ph.SR', 'stat.AP']"
10.1093/mnras/staa110,4,15,2020,"['astro-ph.IM', 'astro-ph.CO', 'astro-ph.EP', 'astro-ph.SR', 'stat.AP']"
10.1093/mnras/stae922,27,43,2024,"['astro-ph.IM', 'astro-ph.CO', 'astro-ph.EP', 'astro-ph.GA', 'cs.DC']"
10.1093/mnras/stv2180,2,35,2015,"['astro-ph.IM', 'astro-ph.CO', 'astro-ph.GA', 'astro-ph.HE', 'astro-ph.SR', 'physics.flu-dyn']"
10.3847/1538-4357/accf90,2,16,2023,"['astro-ph.SR', 'astro-ph.CO', 'astro-ph.GA', 'astro-ph.HE', 'astro-ph.IM', 'gr-qc']"
10.1093/mnras/stu1378,23,17,2014,"['astro-ph.HE', 'astro-ph.CO', 'astro-ph.GA', 'astro-ph.SR']"
10.1051/0004-6361/201628765,10,18,2016,"['astro-ph.GA', 'astro-ph.CO', 'astro-ph.HE', 'astro-ph.SR']"
10.1088/1475-7516/2017/08/015,4,37,2017,"['astro-ph.HE', 'astro-ph.CO', 'astro-ph.GA', 'astro-ph.SR']"
10.3847/1538-4357/ab9b78,8,11,2021,"['astro-ph.HE', 'astro-ph.CO', 'astro-ph.GA', 'astro-ph.SR']"
10.1051/0004-6361/202243605,7,27,2022,"['astro-ph.GA', 'astro-ph.CO', 'astro-ph.HE', 'astro-ph.SR']"
10.1093/mnrasl/slac149,4,7,2022,"['astro-ph.HE', 'astro-ph.CO', 'astro-ph.GA', 'astro-ph.SR']"
10.1093/mnras/stac2384,4,21,2022,"['astro-ph.HE', 'astro-ph.CO', 'astro-ph.GA', 'astro-ph.SR']"
10.1111/j.1365-2966.2009.15990.x,5,16,2009,"['astro-ph.CO', 'astro-ph.GA', 'astro-ph.HE', 'astro-ph.SR']"
10.1051/0004-6361/201116614,6,11,2011,"['astro-ph.SR', 'astro-ph.CO', 'astro-ph.GA', 'astro-ph.HE']"
10.1111/j.1365-2966.2012.20593.x,3,16,2012,"['astro-ph.CO', 'astro-ph.GA', 'astro-ph.HE', 'astro-ph.SR']"
10.1088/2041-8205/751/2/L34,2,13,2012,"['astro-ph.SR', 'astro-ph.CO', 'astro-ph.GA', 'astro-ph.HE']"
10.1093/mnras/stt017,6,17,2013,"['astro-ph.CO', 'astro-ph.GA', 'astro-ph.HE', 'astro-ph.SR']"
10.1051/0004-6361/201118666,6,10,2012,"['astro-ph.SR', 'astro-ph.CO', 'astro-ph.GA', 'astro-ph.HE']"
10.1017/S1743921314004657,28,29,2013,"['astro-ph.SR', 'astro-ph.CO', 'astro-ph.GA', 'astro-ph.HE']"
10.1007/978-3-319-09596-7,1,8,2014,"['astro-ph.SR', 'astro-ph.CO', 'astro-ph.GA', 'astro-ph.HE']"
10.1088/2041-8205/793/2/L22,10,6,2014,"['astro-ph.SR', 'astro-ph.CO', 'astro-ph.GA', 'astro-ph.HE']"
10.1093/mnras/stv789,1,16,2015,"['astro-ph.HE', 'astro-ph.CO', 'astro-ph.GA', 'astro-ph.SR']"
10.3847/0004-637X/823/2/147,17,13,2016,"['astro-ph.SR', 'astro-ph.CO', 'astro-ph.GA', 'astro-ph.HE']"
10.1093/mnras/stac1100,5,19,2021,"['astro-ph.CO', 'astro-ph.GA', 'astro-ph.HE', 'astro-ph.SR']"
10.3847/1538-4357/ac415e,3,15,2021,"['astro-ph.HE', 'astro-ph.CO', 'astro-ph.GA', 'astro-ph.SR']"
10.3847/2041-8213/adb151,4,12,2025,"['astro-ph.GA', 'astro-ph.CO', 'astro-ph.HE', 'astro-ph.SR']"
10.1111/j.1365-2966.2012.20578.x,3,34,2012,"['astro-ph.CO', 'astro-ph.GA', 'astro-ph.HE', 'astro-ph.SR']"
10.1038/nature10529,3,14,2011,"['astro-ph.SR', 'astro-ph.CO', 'astro-ph.GA', 'astro-ph.HE']"
10.1007/s10509-011-0636-7,1,6,2011,"['astro-ph.SR', 'astro-ph.CO', 'astro-ph.GA', 'astro-ph.HE']"
10.1111/j.1365-2966.2012.20984.x,4,20,2012,"['astro-ph.SR', 'astro-ph.CO', 'astro-ph.GA', 'astro-ph.HE']"
10.1017/S1743921312012641,1,5,2012,"['astro-ph.SR', 'astro-ph.CO', 'astro-ph.GA', 'astro-ph.HE']"
10.1051/0004-6361/201220741,3,4,2013,"['astro-ph.SR', 'astro-ph.CO', 'astro-ph.GA', 'astro-ph.HE']"
10.1051/0004-6361/201322369,3,4,2013,"['astro-ph.SR', 'astro-ph.CO', 'astro-ph.GA', 'astro-ph.HE']"
10.1093/mnras/stu907,6,19,2014,"['astro-ph.GA', 'astro-ph.CO', 'astro-ph.HE', 'astro-ph.SR']"
10.1088/0004-637X/806/1/106,3,11,2015,"['astro-ph.HE', 'astro-ph.CO', 'astro-ph.GA', 'astro-ph.SR']"
10.1007/978-3-319-09596-7_4,1,36,2014,"['astro-ph.SR', 'astro-ph.CO', 'astro-ph.GA', 'astro-ph.HE']"
10.1088/0004-637X/792/1/19,2,8,2014,"['astro-ph.HE', 'astro-ph.CO', 'astro-ph.GA', 'astro-ph.SR']"
10.1088/0004-637X/802/1/13,5,46,2015,"['astro-ph.GA', 'astro-ph.CO', 'astro-ph.HE', 'astro-ph.SR']"
10.3847/1538-4357/836/2/157,42,48,2017,"['astro-ph.SR', 'astro-ph.CO', 'astro-ph.GA', 'astro-ph.HE']"
10.3847/2041-8213/aa7412,5,5,2017,"['astro-ph.SR', 'astro-ph.CO', 'astro-ph.GA', 'astro-ph.HE']"
10.1051/0004-6361/201629906,13,21,2017,"['astro-ph.SR', 'astro-ph.CO', 'astro-ph.GA', 'astro-ph.HE']"
10.1051/0004-6361/201731902,1,5,2017,"['astro-ph.SR', 'astro-ph.CO', 'astro-ph.GA', 'astro-ph.HE']"
10.1051/0004-6361/201731923,10,18,2017,"['astro-ph.SR', 'astro-ph.CO', 'astro-ph.GA', 'astro-ph.HE']"
10.1093/mnras/sty1613,2,9,2018,"['astro-ph.HE', 'astro-ph.CO', 'astro-ph.GA', 'astro-ph.SR']"
10.1093/mnras/stz3190,6,15,2019,"['astro-ph.GA', 'astro-ph.CO', 'astro-ph.HE', 'astro-ph.SR']"
10.1093/mnras/stab842,4,9,2021,"['astro-ph.HE', 'astro-ph.CO', 'astro-ph.GA', 'astro-ph.SR']"
10.3847/1538-4357/abfaf9,5,14,2021,"['astro-ph.GA', 'astro-ph.CO', 'astro-ph.HE', 'astro-ph.SR']"
10.1093/mnras/stab3458,5,8,2022,"['astro-ph.GA', 'astro-ph.CO', 'astro-ph.HE', 'astro-ph.SR']"
10.1017/S1743921322000631,4,6,2022,"['astro-ph.SR', 'astro-ph.CO', 'astro-ph.GA', 'astro-ph.HE']"
10.1051/0004-6361/201321906,4,24,2013,"['astro-ph.SR', 'astro-ph.CO', 'astro-ph.GA', 'astro-ph.HE']"
10.1093/mnras/stx2123,4,16,2017,"['astro-ph.GA', 'astro-ph.CO', 'astro-ph.HE', 'astro-ph.SR']"
10.1093/mnras/stz1382,7,14,2019,"['astro-ph.GA', 'astro-ph.CO', 'astro-ph.HE', 'astro-ph.SR']"
10.1093/mnras/stab280,5,14,2021,"['astro-ph.HE', 'astro-ph.CO', 'astro-ph.GA', 'astro-ph.SR']"
10.1093/mnras/stac176,2,11,2022,"['astro-ph.HE', 'astro-ph.CO', 'astro-ph.GA', 'astro-ph.SR']"
10.1051/0004-6361/202141568,10,16,2021,"['astro-ph.GA', 'astro-ph.CO', 'astro-ph.HE', 'astro-ph.SR']"
10.3847/1538-4357/ac86c7,11,21,2022,"['astro-ph.GA', 'astro-ph.CO', 'astro-ph.HE', 'astro-ph.SR']"
10.1051/0004-6361/202243810,109,12,2022,"['astro-ph.HE', 'astro-ph.CO', 'astro-ph.GA', 'astro-ph.SR']"
10.1093/mnras/stad1860,8,19,2024,"['astro-ph.GA', 'astro-ph.CO', 'astro-ph.HE', 'astro-ph.SR']"
10.1051/0004-6361/202346395,18,16,2023,"['astro-ph.SR', 'astro-ph.CO', 'astro-ph.GA', 'astro-ph.HE']"
10.1051/0004-6361/202451788,2,20,2024,"['astro-ph.CO', 'astro-ph.GA', 'astro-ph.HE', 'astro-ph.SR']"
10.1126/science.abi9232,7,33,2022,"['astro-ph.SR', 'astro-ph.EP', 'astro-ph.GA', 'astro-ph.HE', 'physics.atom-ph']"
10.1093/mnras/stab2403,2,10,2021,"['astro-ph.HE', 'astro-ph.GA', 'astro-ph.IM', 'astro-ph.SR', 'physics.plasm-ph']"
10.1016/j.newar.2022.101661,2,37,2020,"['astro-ph.HE', 'astro-ph.GA', 'astro-ph.IM', 'astro-ph.SR', 'physics.plasm-ph']"
10.1017/S0022377822000940,8,16,2022,"['physics.plasm-ph', 'astro-ph.GA', 'astro-ph.HE', 'astro-ph.IM', 'astro-ph.SR']"
10.1038/s41550-024-02338-0,5,20,2024,"['astro-ph.HE', 'astro-ph.GA', 'astro-ph.IM', 'astro-ph.SR', 'gr-qc']"
10.1103/PhysRevD.107.043012,3,13,2024,"['astro-ph.HE', 'astro-ph.CO', 'astro-ph.EP', 'astro-ph.SR', 'hep-ph']"
10.1093/mnras/sts360,2,25,2013,"['astro-ph.HE', 'astro-ph.CO', 'astro-ph.GA', 'astro-ph.IM', 'gr-qc']"
10.3847/2041-8213/acda88,91,67,2023,"['astro-ph.HE', 'astro-ph.CO', 'astro-ph.GA', 'astro-ph.IM', 'gr-qc']"
10.1093/mnras/stu1717,19,13,2014,"['astro-ph.GA', 'astro-ph.CO', 'astro-ph.HE', 'astro-ph.IM', 'gr-qc']"
10.1103/PhysRevD.98.043009,4,23,2018,"['astro-ph.HE', 'astro-ph.CO', 'astro-ph.GA', 'astro-ph.IM', 'hep-ph']"
10.1007/s10686-021-09729-5,30,20,2019,"['astro-ph.CO', 'astro-ph.GA', 'astro-ph.HE', 'astro-ph.IM', 'gr-qc']"
10.1103/PhysRevD.104.063518,2,12,2021,"['astro-ph.HE', 'astro-ph.CO', 'astro-ph.GA', 'astro-ph.IM', 'gr-qc']"
10.1103/PhysRevD.107.023022,12,27,2023,"['astro-ph.HE', 'astro-ph.CO', 'astro-ph.GA', 'astro-ph.IM', 'hep-ph']"
10.3847/1538-4357/acd116,5,22,2023,"['astro-ph.HE', 'astro-ph.CO', 'astro-ph.GA', 'astro-ph.IM', 'hep-ph']"
10.1093/mnras/stad976,4,12,2023,"['astro-ph.GA', 'astro-ph.CO', 'astro-ph.HE', 'astro-ph.IM', 'physics.plasm-ph']"
10.1093/mnras/stae2605,5,11,2024,"['astro-ph.GA', 'astro-ph.CO', 'astro-ph.HE', 'astro-ph.IM', 'gr-qc']"
10.1093/mnras/stv1427,5,10,2015,"['astro-ph.GA', 'astro-ph.CO', 'astro-ph.EP', 'astro-ph.SR', 'physics.comp-ph']"
10.1093/mnras/stv2745,2,17,2015,"['astro-ph.GA', 'astro-ph.CO', 'astro-ph.EP', 'astro-ph.SR', 'physics.flu-dyn']"
10.1093/mnras/stw1578,1,12,2017,"['astro-ph.IM', 'astro-ph.CO', 'astro-ph.GA', 'astro-ph.SR', 'physics.flu-dyn']"
10.18727/0722-6691/5242,3,9,2021,"['astro-ph.IM', 'astro-ph.CO', 'astro-ph.GA', 'astro-ph.SR', 'cs.DL']"
10.1088/0004-637X/763/1/51,2,23,2012,"['astro-ph.SR', 'astro-ph.CO', 'astro-ph.GA', 'astro-ph.IM', 'physics.data-an']"
10.1093/acprof:oso/9780199694587.001.0001,1,28,2011,"['astro-ph.IM', 'astro-ph.EP', 'astro-ph.HE', 'stat.AP']"
10.1117/12.2057031,5,9,2014,"['astro-ph.IM', 'astro-ph.EP', 'astro-ph.HE']"
10.1103/PhysRevLett.114.165001,74,6,2015,"['astro-ph.HE', 'astro-ph.EP', 'astro-ph.IM']"
10.1088/1742-6596/1181/1/012068,9,7,2019,"['astro-ph.HE', 'astro-ph.EP', 'astro-ph.IM', 'physics.space-ph']"
10.3847/1538-4357/ab7dc7,2,22,2020,"['astro-ph.IM', 'astro-ph.EP', 'astro-ph.HE', 'physics.space-ph']"
10.3847/1538-3881/ac00ac,6,9,2021,"['astro-ph.IM', 'astro-ph.EP', 'astro-ph.HE']"
10.1038/s41598-021-92162-7,9,21,2021,"['astro-ph.IM', 'astro-ph.EP', 'astro-ph.HE', 'physics.space-ph']"
10.21105/astro.1708.00605,2,8,2018,"['astro-ph.IM', 'astro-ph.EP', 'astro-ph.HE', 'physics.data-an']"
10.1093/mnras/stab1156,4,11,2021,"['astro-ph.IM', 'astro-ph.EP', 'astro-ph.HE']"
10.3390/universe8110561,28,16,2022,"['astro-ph.IM', 'astro-ph.EP', 'astro-ph.HE']"
10.3389/feart.2020.590295,3,16,2020,"['astro-ph.IM', 'astro-ph.EP', 'astro-ph.HE']"
10.5194/amt-15-3141-2022,11,31,2022,"['astro-ph.EP', 'astro-ph.HE', 'astro-ph.IM']"
10.1017/S1743921322001818,2,6,2022,"['astro-ph.HE', 'astro-ph.EP', 'astro-ph.IM']"
10.1051/0004-6361/202245808,5,17,2023,"['astro-ph.EP', 'astro-ph.HE', 'astro-ph.IM']"
10.3390/universe10080310,5,13,2024,"['astro-ph.HE', 'astro-ph.EP', 'astro-ph.IM']"
10.1051/0004-6361/200811555,8,15,2009,"['astro-ph.SR', 'astro-ph.EP', 'astro-ph.IM']"
10.1051/0004-6361/200911885,33,5,2009,"['astro-ph.IM', 'astro-ph.EP', 'astro-ph.SR']"
10.1111/j.1365-2966.2009.15052.x,2,16,2009,"['astro-ph.IM', 'astro-ph.EP', 'astro-ph.SR']"
10.1051/0004-6361/200912098,10,8,2009,"['astro-ph.EP', 'astro-ph.IM', 'astro-ph.SR']"
10.1051/0004-6361/200912355,5,16,2010,"['astro-ph.SR', 'astro-ph.EP', 'astro-ph.IM']"
10.1088/0004-637X/712/1/421,20,9,2010,"['astro-ph.IM', 'astro-ph.EP', 'astro-ph.SR']"
10.1111/j.1365-2966.2010.17051.x,1,10,2010,"['astro-ph.EP', 'astro-ph.IM', 'astro-ph.SR']"
10.1088/0067-0049/189/1/156,3,58,2010,"['astro-ph.IM', 'astro-ph.EP', 'astro-ph.SR']"
10.1088/0004-637X/716/2/1551,17,32,2010,"['astro-ph.EP', 'astro-ph.IM', 'astro-ph.SR']"
10.1088/0004-6256/140/5/1370,3,20,2010,"['astro-ph.EP', 'astro-ph.IM', 'astro-ph.SR']"
10.1088/0004-6256/141/1/3,3,29,2010,"['astro-ph.IM', 'astro-ph.EP', 'astro-ph.SR']"
10.1016/j.icarus.2011.02.004,6,12,2011,"['astro-ph.EP', 'astro-ph.IM', 'astro-ph.SR']"
10.1103/PhysRevD.84.042002,5,24,2010,"['astro-ph.SR', 'astro-ph.EP', 'astro-ph.IM']"
10.1088/0004-637X/729/2/128,12,27,2011,"['astro-ph.EP', 'astro-ph.IM', 'astro-ph.SR']"
10.1088/2041-8205/731/2/L31,1,5,2011,"['astro-ph.EP', 'astro-ph.IM', 'astro-ph.SR']"
10.1086/660818,7,35,2011,"['astro-ph.IM', 'astro-ph.EP', 'astro-ph.SR']"
10.1088/2041-8205/736/2/L25,2,8,2011,"['astro-ph.EP', 'astro-ph.IM', 'astro-ph.SR']"
10.1088/2041-8205/736/2/L33,6,6,2011,"['astro-ph.EP', 'astro-ph.IM', 'astro-ph.SR']"
10.1088/0004-637X/740/2/93,3,46,2011,"['astro-ph.IM', 'astro-ph.EP', 'astro-ph.SR']"
10.1051/0004-6361/201117699,5,9,2011,"['astro-ph.EP', 'astro-ph.IM', 'astro-ph.SR']"
10.1051/0004-6361/201117719,13,11,2011,"['astro-ph.EP', 'astro-ph.IM', 'astro-ph.SR']"
10.1007/s10686-011-9282-x,3,10,2011,"['astro-ph.SR', 'astro-ph.EP', 'astro-ph.IM']"
10.1051/0004-6361/201117561,13,18,2012,"['astro-ph.IM', 'astro-ph.EP', 'astro-ph.SR']"
10.1088/0004-637X/753/2/171,18,10,2012,"['astro-ph.EP', 'astro-ph.IM', 'astro-ph.SR']"
10.1088/0067-0049/200/2/15,2,40,2012,"['astro-ph.EP', 'astro-ph.IM', 'astro-ph.SR']"
10.1007/s00159-012-0052-1,13,83,2012,"['astro-ph.IM', 'astro-ph.EP', 'astro-ph.SR']"
10.1088/2041-8205/755/2/L34,5,7,2012,"['astro-ph.EP', 'astro-ph.IM', 'astro-ph.SR']"
10.1086/669529,24,25,2012,"['astro-ph.EP', 'astro-ph.IM', 'astro-ph.SR']"
10.1051/0004-6361/201219236,3,16,2012,"['astro-ph.IM', 'astro-ph.EP', 'astro-ph.SR']"
10.1088/0004-637X/757/1/28,11,19,2012,"['astro-ph.EP', 'astro-ph.IM', 'astro-ph.SR']"
10.1051/0004-6361/201219115,3,9,2012,"['astro-ph.IM', 'astro-ph.EP', 'astro-ph.SR']"
10.1117/12.926214,19,11,2012,"['astro-ph.IM', 'astro-ph.EP', 'astro-ph.SR']"
10.1007/978-3-642-33380-4_3,2,25,2012,"['astro-ph.SR', 'astro-ph.EP', 'astro-ph.IM']"
10.1111/j.1365-2966.2012.22124.x,1,30,2012,"['astro-ph.SR', 'astro-ph.EP', 'astro-ph.IM']"
10.1051/0004-6361/201219601,13,10,2012,"['astro-ph.EP', 'astro-ph.IM', 'astro-ph.SR']"
10.1017/S1743921313002986,4,2,2012,"['astro-ph.SR', 'astro-ph.EP', 'astro-ph.IM']"
10.1093/mnras/stt005,9,16,2013,"['astro-ph.SR', 'astro-ph.EP', 'astro-ph.IM']"
10.1088/0004-637X/776/1/10,21,35,2013,"['astro-ph.EP', 'astro-ph.IM', 'astro-ph.SR']"
10.1051/0004-6361/201321315,23,4,2013,"['astro-ph.IM', 'astro-ph.EP', 'astro-ph.SR']"
10.1086/670940,6,24,2013,"['astro-ph.IM', 'astro-ph.EP', 'astro-ph.SR']"
10.1093/mnras/stt1191,3,14,2013,"['astro-ph.EP', 'astro-ph.IM', 'astro-ph.SR']"
10.1103/PhysRevE.87.053110,3,8,2013,"['physics.plasm-ph', 'astro-ph.EP', 'astro-ph.IM', 'astro-ph.SR']"
10.1093/mnras/stt1205,3,10,2013,"['astro-ph.SR', 'astro-ph.EP', 'astro-ph.IM']"
10.1093/mnras/stt894,5,9,2013,"['astro-ph.IM', 'astro-ph.EP', 'astro-ph.SR']"
10.1088/0004-637X/776/1/15,13,24,2013,"['astro-ph.EP', 'astro-ph.IM', 'astro-ph.SR']"
10.1088/0004-637X/777/2/165,2,7,2013,"['astro-ph.EP', 'astro-ph.IM', 'astro-ph.SR']"
10.1088/0004-637X/777/2/166,2,28,2013,"['astro-ph.EP', 'astro-ph.IM', 'astro-ph.SR']"
10.1088/2041-8205/772/2/L31,2,4,2017,"['astro-ph.EP', 'astro-ph.IM', 'astro-ph.SR']"
10.1016/j.ascom.2013.11.003,1,13,2013,"['astro-ph.IM', 'astro-ph.EP', 'astro-ph.SR']"
10.1117/12.2023929,6,9,2013,"['astro-ph.SR', 'astro-ph.EP', 'astro-ph.IM']"
10.1088/2041-8205/777/1/L6,5,14,2013,"['astro-ph.EP', 'astro-ph.IM', 'astro-ph.SR']"
10.1088/0004-637X/782/2/93,3,12,2014,"['astro-ph.SR', 'astro-ph.EP', 'astro-ph.IM']"
10.1088/0067-0049/209/1/7,6,10,2013,"['astro-ph.IM', 'astro-ph.EP', 'astro-ph.SR']"
10.1088/0004-637X/783/1/4,4,52,2014,"['astro-ph.EP', 'astro-ph.IM', 'astro-ph.SR']"
10.1088/2041-8205/780/2/L30,8,7,2013,"['astro-ph.SR', 'astro-ph.EP', 'astro-ph.IM']"
10.1051/0004-6361/201322746,3,8,2013,"['astro-ph.IM', 'astro-ph.EP', 'astro-ph.SR']"
10.1038/nature12955,12,17,2014,"['astro-ph.EP', 'astro-ph.IM', 'astro-ph.SR']"
10.3390/life4020142,6,32,2014,"['astro-ph.EP', 'astro-ph.IM', 'astro-ph.SR']"
10.1051/0004-6361/201323271,7,17,2014,"['astro-ph.SR', 'astro-ph.EP', 'astro-ph.IM']"
10.1073/pnas.1401816111,3,6,2014,"['astro-ph.EP', 'astro-ph.IM', 'astro-ph.SR']"
10.1051/0004-6361/201423750,1,11,2014,"['astro-ph.SR', 'astro-ph.EP', 'astro-ph.IM']"
10.1093/mnras/stu930,17,11,2014,"['astro-ph.SR', 'astro-ph.EP', 'astro-ph.IM']"
10.1117/12.2057297,14,14,2014,"['astro-ph.IM', 'astro-ph.EP', 'astro-ph.SR']"
10.1117/12.2057048,22,13,2014,"['astro-ph.IM', 'astro-ph.EP', 'astro-ph.SR']"
10.1088/2041-8205/791/2/L37,5,6,2014,"['astro-ph.SR', 'astro-ph.EP', 'astro-ph.IM']"
10.1117/12.2056325,8,12,2014,"['astro-ph.IM', 'astro-ph.EP', 'astro-ph.SR']"
10.1086/678764,2,11,2014,"['astro-ph.IM', 'astro-ph.EP', 'astro-ph.SR']"
10.1093/mnras/stu2164,2,14,2014,"['astro-ph.EP', 'astro-ph.IM', 'astro-ph.SR', 'math.NA']"
10.1088/2041-8205/796/2/L30,26,6,2014,"['astro-ph.EP', 'astro-ph.IM', 'astro-ph.SR']"
10.1093/mnrasl/slu202,1,4,2015,"['astro-ph.EP', 'astro-ph.IM', 'astro-ph.SR']"
10.1088/0004-637X/800/2/126,2,13,2015,"['astro-ph.SR', 'astro-ph.EP', 'astro-ph.IM']"
10.1093/mnras/stv519,6,12,2015,"['astro-ph.IM', 'astro-ph.EP', 'astro-ph.SR']"
10.1093/mnras/stv744,2,26,2015,"['astro-ph.EP', 'astro-ph.IM', 'astro-ph.SR']"
10.1088/0004-637X/806/1/30,5,14,2015,"['astro-ph.SR', 'astro-ph.EP', 'astro-ph.IM']"
10.1093/mnras/stv1857,2,7,2015,"['astro-ph.EP', 'astro-ph.IM', 'astro-ph.SR']"
10.1093/mnras/stv1842,1,7,2015,"['astro-ph.SR', 'astro-ph.EP', 'astro-ph.IM']"
10.1088/0004-6256/150/4/133,5,10,2015,"['astro-ph.SR', 'astro-ph.EP', 'astro-ph.IM']"
10.1051/0004-6361/201526162,2,8,2015,"['astro-ph.EP', 'astro-ph.IM', 'astro-ph.SR']"
10.1088/0004-6256/150/5/144,9,40,2015,"['astro-ph.SR', 'astro-ph.EP', 'astro-ph.IM']"
10.1088/0004-637X/811/2/157,8,9,2015,"['astro-ph.EP', 'astro-ph.IM', 'astro-ph.SR']"
10.1093/mnras/stv2379,1,12,2015,"['astro-ph.SR', 'astro-ph.EP', 'astro-ph.IM']"
10.1093/mnrasl/slv143,9,5,2015,"['astro-ph.IM', 'astro-ph.EP', 'astro-ph.SR']"
10.1051/0004-6361/201526921,2,16,2015,"['astro-ph.EP', 'astro-ph.IM', 'astro-ph.SR']"
10.1088/2041-8205/814/2/L21,19,8,2015,"['astro-ph.EP', 'astro-ph.IM', 'astro-ph.SR']"
10.1088/2041-8205/814/2/L27,8,6,2015,"['astro-ph.EP', 'astro-ph.IM', 'astro-ph.SR']"
10.1051/0004-6361/201527530,5,8,2015,"['astro-ph.SR', 'astro-ph.EP', 'astro-ph.IM']"
10.1051/0004-6361/201526900,10,27,2015,"['astro-ph.EP', 'astro-ph.IM', 'astro-ph.SR']"
10.3847/0067-0049/222/1/14,9,23,2017,"['astro-ph.EP', 'astro-ph.IM', 'astro-ph.SR']"
10.3847/1538-4365/aa7750,3,15,2017,"['astro-ph.IM', 'astro-ph.EP', 'astro-ph.SR']"
10.1093/mnras/stv2836,12,16,2016,"['astro-ph.SR', 'astro-ph.EP', 'astro-ph.IM']"
10.1007/978-3-540-75485-5_45,1,4,2022,"['astro-ph.EP', 'astro-ph.IM', 'astro-ph.SR']"
10.5303/JKAS.2016.49.3.093,2,15,2016,"['astro-ph.EP', 'astro-ph.IM', 'astro-ph.SR']"
10.1093/mnras/stw147,1,30,2016,"['astro-ph.SR', 'astro-ph.EP', 'astro-ph.IM']"
10.3847/2041-8205/819/2/L26,10,8,2016,"['astro-ph.SR', 'astro-ph.EP', 'astro-ph.IM']"
10.3847/0004-6256/151/4/101,12,21,2016,"['astro-ph.SR', 'astro-ph.EP', 'astro-ph.IM']"
10.1088/1538-3873/128/967/095002,2,7,2016,"['astro-ph.IM', 'astro-ph.EP', 'astro-ph.SR']"
10.3847/0004-637X/822/1/40,29,29,2016,"['astro-ph.SR', 'astro-ph.EP', 'astro-ph.IM']"
10.1093/mnras/stw706,3,14,2016,"['astro-ph.SR', 'astro-ph.EP', 'astro-ph.IM']"
10.1093/mnras/stw906,5,16,2016,"['astro-ph.SR', 'astro-ph.EP', 'astro-ph.IM']"
10.3847/0004-6256/152/2/41,22,15,2016,"['astro-ph.SR', 'astro-ph.EP', 'astro-ph.IM']"
10.1038/nature18305,14,19,2016,"['astro-ph.SR', 'astro-ph.EP', 'astro-ph.IM']"
10.1007/s10569-016-9714-z,2,32,2016,"['astro-ph.EP', 'astro-ph.IM', 'astro-ph.SR']"
10.1051/0004-6361/201628902,3,22,2016,"['astro-ph.EP', 'astro-ph.IM', 'astro-ph.SR']"
10.3847/0004-637X/830/2/84,26,50,2016,"['astro-ph.EP', 'astro-ph.IM', 'astro-ph.SR']"
10.1093/mnras/stx144,4,15,2016,"['astro-ph.IM', 'astro-ph.EP', 'astro-ph.SR']"
10.1093/mnras/stw2169,8,14,2016,"['astro-ph.SR', 'astro-ph.EP', 'astro-ph.IM']"
10.1088/1538-3873/aa5455,3,13,2016,"['astro-ph.IM', 'astro-ph.EP', 'astro-ph.SR']"
10.1117/12.2233153,15,11,2016,"['astro-ph.IM', 'astro-ph.EP', 'astro-ph.SR']"
10.1117/12.2233617,11,10,2016,"['astro-ph.IM', 'astro-ph.EP', 'astro-ph.SR']"
10.1117/12.2233135,34,13,2016,"['astro-ph.IM', 'astro-ph.EP', 'astro-ph.SR']"
10.3847/2041-8205/830/2/L27,1,6,2016,"['astro-ph.SR', 'astro-ph.EP', 'astro-ph.IM']"
10.3847/1538-4357/834/2/162,54,50,2016,"['astro-ph.SR', 'astro-ph.EP', 'astro-ph.IM']"
10.1093/mnras/stw2886,3,7,2016,"['astro-ph.IM', 'astro-ph.EP', 'astro-ph.SR']"
10.1093/mnrasl/slw241,39,5,2016,"['astro-ph.EP', 'astro-ph.IM', 'astro-ph.SR']"
10.3847/1538-3881/153/1/44,25,12,2016,"['astro-ph.SR', 'astro-ph.EP', 'astro-ph.IM']"
10.1117/12.2231678,7,15,2016,"['astro-ph.IM', 'astro-ph.EP', 'astro-ph.SR']"
10.1051/0004-6361/201629981,5,5,2017,"['astro-ph.EP', 'astro-ph.IM', 'astro-ph.SR']"
10.3847/2041-8213/836/1/L15,27,6,2017,"['astro-ph.EP', 'astro-ph.IM', 'astro-ph.SR']"
10.3847/1538-3881/aa6119,22,31,2017,"['astro-ph.EP', 'astro-ph.IM', 'astro-ph.SR']"
10.1051/0004-6361/201730671,3,13,2018,"['astro-ph.IM', 'astro-ph.EP', 'astro-ph.SR']"
10.1038/s41550-017-0129,33,42,2017,"['astro-ph.EP', 'astro-ph.IM', 'astro-ph.SR']"
10.1051/epjconf/201715201005,1,13,2017,"['astro-ph.SR', 'astro-ph.EP', 'astro-ph.IM']"
10.1142/S0218271817410152,5,15,2017,"['astro-ph.SR', 'astro-ph.EP', 'astro-ph.IM']"
10.1093/mnras/stx1100,5,12,2017,"['astro-ph.SR', 'astro-ph.EP', 'astro-ph.IM']"
10.1093/mnras/stx1422,5,13,2017,"['astro-ph.IM', 'astro-ph.EP', 'astro-ph.SR']"
10.1016/j.actaastro.2017.10.022,1,14,2017,"['astro-ph.EP', 'astro-ph.IM', 'astro-ph.SR']"
10.1051/0004-6361/201731855,36,32,2017,"['astro-ph.EP', 'astro-ph.IM', 'astro-ph.SR']"
10.3847/2041-8213/aa93fa,53,8,2017,"['astro-ph.EP', 'astro-ph.IM', 'astro-ph.SR']"
10.1051/0004-6361/201731483,21,13,2017,"['astro-ph.IM', 'astro-ph.EP', 'astro-ph.SR']"
10.1051/0004-6361/201731131,10,8,2017,"['astro-ph.SR', 'astro-ph.EP', 'astro-ph.IM']"
10.3847/1538-3881/aa5e4a,2,9,2017,"['astro-ph.IM', 'astro-ph.EP', 'astro-ph.SR']"
10.3847/1538-3881/aa9bf4,13,26,2017,"['astro-ph.SR', 'astro-ph.EP', 'astro-ph.IM']"
10.1093/mnras/stx3009,15,17,2017,"['astro-ph.EP', 'astro-ph.IM', 'astro-ph.SR']"
10.3847/1538-3881/aaf965,2,23,2019,"['astro-ph.EP', 'astro-ph.IM', 'astro-ph.SR']"
10.1093/mnras/stz1941,2,11,2019,"['astro-ph.EP', 'astro-ph.IM', 'astro-ph.SR']"
10.1093/mnras/sty1805,22,10,2018,"['astro-ph.SR', 'astro-ph.EP', 'astro-ph.IM']"
10.1093/mnras/sty1809,40,14,2018,"['astro-ph.EP', 'astro-ph.IM', 'astro-ph.SR']"
10.1117/1.JATIS.5.1.015001,22,21,2018,"['astro-ph.IM', 'astro-ph.EP', 'astro-ph.SR']"
10.1051/0004-6361/201833795,1,14,2018,"['astro-ph.SR', 'astro-ph.EP', 'astro-ph.IM']"
10.1093/mnrasl/sly227,5,5,2019,"['astro-ph.EP', 'astro-ph.IM', 'astro-ph.SR']"
10.3847/1538-3881/aae8e5,6,55,2018,"['astro-ph.IM', 'astro-ph.EP', 'astro-ph.SR']"
10.3847/1538-3881/aae9ea,33,27,2018,"['astro-ph.EP', 'astro-ph.IM', 'astro-ph.SR']"
10.3847/1538-3881/aaeb24,16,15,2018,"['astro-ph.EP', 'astro-ph.IM', 'astro-ph.SR']"
10.1093/mnras/sty3512,4,11,2018,"['astro-ph.EP', 'astro-ph.IM', 'astro-ph.SR']"
10.1051/0004-6361/201834563,2,8,2018,"['astro-ph.EP', 'astro-ph.IM', 'astro-ph.SR']"
10.3847/1538-4365/aaec0c,40,42,2018,"['astro-ph.IM', 'astro-ph.EP', 'astro-ph.SR']"
10.1093/mnras/stz028,2,12,2019,"['astro-ph.IM', 'astro-ph.EP', 'astro-ph.SR']"
10.1051/0004-6361/201834712,5,7,2019,"['astro-ph.EP', 'astro-ph.IM', 'astro-ph.SR']"
10.1051/0004-6361/201935142,16,7,2019,"['astro-ph.SR', 'astro-ph.EP', 'astro-ph.IM']"
10.1093/mnras/stz1166,4,12,2019,"['astro-ph.EP', 'astro-ph.IM', 'astro-ph.SR']"
10.1051/0004-6361/201833894,6,22,2019,"['astro-ph.SR', 'astro-ph.EP', 'astro-ph.IM']"
10.1093/mnras/stz1055,3,7,2019,"['astro-ph.SR', 'astro-ph.EP', 'astro-ph.IM']"
10.1093/mnras/stz1268,22,8,2019,"['astro-ph.EP', 'astro-ph.IM', 'astro-ph.SR']"
10.3847/2041-8213/ab1b42,32,12,2019,"['astro-ph.EP', 'astro-ph.IM', 'astro-ph.SR']"
10.3847/2041-8213/ab322d,51,11,2019,"['astro-ph.EP', 'astro-ph.IM', 'astro-ph.SR']"
10.3847/1538-4365/ab2c04,22,35,2019,"['astro-ph.SR', 'astro-ph.EP', 'astro-ph.IM']"
10.3847/1538-3881/ab24dd,2,24,2019,"['astro-ph.EP', 'astro-ph.IM', 'astro-ph.SR', 'physics.data-an']"
10.3847/1538-4357/ab22b2,3,14,2019,"['astro-ph.EP', 'astro-ph.IM', 'astro-ph.SR']"
10.3847/1538-4357/ab3dae,12,22,2019,"['astro-ph.SR', 'astro-ph.EP', 'astro-ph.IM']"
10.3847/1538-3881/ab3b0f,14,46,2019,"['astro-ph.IM', 'astro-ph.EP', 'astro-ph.SR']"
10.1051/0004-6361/201935691,5,19,2019,"['astro-ph.EP', 'astro-ph.IM', 'astro-ph.SR']"
10.1051/0004-6361/201936510,10,9,2019,"['astro-ph.EP', 'astro-ph.IM', 'astro-ph.SR']"
10.3847/1538-4365/ab40b6,7,54,2019,"['astro-ph.EP', 'astro-ph.IM', 'astro-ph.SR']"
10.1051/0004-6361/201936729,4,16,2019,"['astro-ph.EP', 'astro-ph.IM', 'astro-ph.SR', 'gr-qc']"
10.3847/1538-3881/ab929c,3,13,2020,"['astro-ph.IM', 'astro-ph.EP', 'astro-ph.SR']"
10.1093/mnras/stz2939,4,20,2019,"['astro-ph.EP', 'astro-ph.IM', 'astro-ph.SR']"
10.3847/1538-4357/ab59d5,24,8,2020,"['astro-ph.SR', 'astro-ph.EP', 'astro-ph.IM']"
10.3847/1538-3881/ab4ef7,53,14,2019,"['astro-ph.SR', 'astro-ph.EP', 'astro-ph.IM']"
10.1088/1538-3873/ab5021,7,28,2019,"['astro-ph.IM', 'astro-ph.EP', 'astro-ph.SR']"
10.3847/1538-3881/ab5222,2,23,2020,"['astro-ph.EP', 'astro-ph.IM', 'astro-ph.SR']"
10.3847/1538-3881/ab5f15,35,22,2019,"['astro-ph.EP', 'astro-ph.IM', 'astro-ph.SR']"
10.3847/1538-3881/ab5b12,19,16,2019,"['astro-ph.EP', 'astro-ph.IM', 'astro-ph.SR']"
10.3847/1538-3881/ab594c,4,10,2019,"['astro-ph.EP', 'astro-ph.IM', 'astro-ph.SR']"
10.1051/0004-6361/201936898,68,14,2019,"['astro-ph.EP', 'astro-ph.IM', 'astro-ph.SR']"
10.1051/0004-6361/201936891,9,10,2019,"['astro-ph.EP', 'astro-ph.IM', 'astro-ph.SR']"
10.1051/0004-6361/201936548,5,9,2019,"['astro-ph.EP', 'astro-ph.IM', 'astro-ph.SR']"
10.1093/mnras/stz3599,3,27,2019,"['astro-ph.EP', 'astro-ph.IM', 'astro-ph.SR']"
10.3847/1538-4357/ab7024,8,18,2020,"['astro-ph.IM', 'astro-ph.EP', 'astro-ph.SR', 'stat.ML']"
10.3847/1538-3881/ab65be,2,7,2020,"['astro-ph.IM', 'astro-ph.EP', 'astro-ph.SR']"
10.1051/0004-6361/201936686,6,16,2020,"['astro-ph.EP', 'astro-ph.IM', 'astro-ph.SR']"
10.1051/0004-6361/201936086,7,13,2020,"['astro-ph.EP', 'astro-ph.IM', 'astro-ph.SR']"
10.3847/2515-5172/ab7021,15,10,2020,"['astro-ph.SR', 'astro-ph.EP', 'astro-ph.IM']"
10.1093/mnras/staa814,2,14,2020,"['astro-ph.EP', 'astro-ph.IM', 'astro-ph.SR']"
10.1007/s11214-020-00725-3,29,38,2020,"['astro-ph.IM', 'astro-ph.EP', 'astro-ph.SR']"
10.1007/s10686-020-09690-9,5,23,2020,"['astro-ph.IM', 'astro-ph.EP', 'astro-ph.SR']"
10.1093/mnras/staa356,4,16,2020,"['astro-ph.IM', 'astro-ph.EP', 'astro-ph.SR']"
10.1007/s10686-020-09654-z,3,13,2020,"['astro-ph.IM', 'astro-ph.EP', 'astro-ph.SR']"
10.1093/mnras/staa480,3,14,2020,"['astro-ph.EP', 'astro-ph.IM', 'astro-ph.SR']"
10.1093/mnras/staa618,5,11,2020,"['astro-ph.EP', 'astro-ph.IM', 'astro-ph.SR']"
10.3847/1538-4357/ab3793,12,16,2020,"['astro-ph.SR', 'astro-ph.EP', 'astro-ph.IM']"
10.3847/1538-4357/ab89a4,5,9,2020,"['astro-ph.EP', 'astro-ph.IM', 'astro-ph.SR']"
10.1051/0004-6361/202037594,46,14,2020,"['astro-ph.EP', 'astro-ph.IM', 'astro-ph.SR']"
10.3847/2041-8213/ab84e5,12,11,2020,"['astro-ph.EP', 'astro-ph.IM', 'astro-ph.SR']"
10.1051/0004-6361/202038054,6,9,2020,"['astro-ph.SR', 'astro-ph.EP', 'astro-ph.IM']"
10.1088/1538-3873/ab7b91,8,28,2020,"['astro-ph.SR', 'astro-ph.EP', 'astro-ph.IM']"
10.1093/mnras/staa1010,24,13,2020,"['astro-ph.SR', 'astro-ph.EP', 'astro-ph.IM']"
10.3847/2041-8213/ab8c44,50,19,2020,"['astro-ph.EP', 'astro-ph.IM', 'astro-ph.SR']"
10.3847/1538-3881/ab9012,3,14,2020,"['astro-ph.EP', 'astro-ph.IM', 'astro-ph.SR']"
10.3847/1538-3881/ab8d3a,2,10,2020,"['astro-ph.EP', 'astro-ph.IM', 'astro-ph.SR']"
10.3847/1538-3881/ab8f26,7,13,2020,"['astro-ph.EP', 'astro-ph.IM', 'astro-ph.SR']"
10.3847/2515-5172/ab8d44,3,3,2020,"['astro-ph.IM', 'astro-ph.EP', 'astro-ph.SR']"
10.3847/1538-4357/abc879,4,27,2021,"['astro-ph.EP', 'astro-ph.IM', 'astro-ph.SR']"
10.1093/mnras/staa1283,19,13,2020,"['astro-ph.EP', 'astro-ph.IM', 'astro-ph.SR']"
10.1051/0004-6361/202037984,45,25,2020,"['astro-ph.EP', 'astro-ph.IM', 'astro-ph.SR']"
10.1051/0004-6361/202038131,7,9,2020,"['astro-ph.EP', 'astro-ph.IM', 'astro-ph.SR']"
10.1051/0004-6361/202037745,91,25,2020,"['astro-ph.EP', 'astro-ph.IM', 'astro-ph.SR']"
10.1093/mnras/staa1443,9,14,2020,"['astro-ph.IM', 'astro-ph.EP', 'astro-ph.SR']"
10.3847/1538-3881/ab8bcc,22,23,2020,"['astro-ph.IM', 'astro-ph.EP', 'astro-ph.SR']"
10.1007/s00159-010-0032-2,1,52,2010,"['astro-ph.IM', 'astro-ph.CO', 'astro-ph.EP', 'astro-ph.GA', 'astro-ph.HE', 'astro-ph.SR']"
10.1088/0004-6256/140/6/1995,15,20,2010,"['astro-ph.IM', 'astro-ph.CO', 'astro-ph.EP', 'astro-ph.GA', 'astro-ph.HE', 'astro-ph.SR']"
10.1051/0004-6361/202244242,58,18,2022,"['astro-ph.SR', 'astro-ph.CO', 'astro-ph.EP', 'astro-ph.GA', 'astro-ph.HE', 'astro-ph.IM']"
10.1017/pasa.2018.25,27,88,2018,"['astro-ph.IM', 'astro-ph.EP', 'astro-ph.GA', 'astro-ph.HE', 'astro-ph.SR']"
10.1093/pasj/psx081,108,34,2017,"['astro-ph.IM', 'astro-ph.EP', 'astro-ph.GA', 'astro-ph.HE', 'astro-ph.SR']"
10.3847/1538-4357/ac4bca,3,29,2021,"['astro-ph.HE', 'astro-ph.EP', 'astro-ph.GA', 'astro-ph.IM', 'astro-ph.SR']"
10.1016/j.xinn.2022.100224,27,16,2022,"['astro-ph.GA', 'astro-ph.EP', 'astro-ph.HE', 'astro-ph.IM', 'astro-ph.SR']"
10.3847/1538-4365/acb684,17,11,2023,"['astro-ph.SR', 'astro-ph.EP', 'astro-ph.GA', 'astro-ph.HE', 'astro-ph.IM']"
10.5303/JKAS.2015.48.4.207,3,6,2015,"['astro-ph.IM', 'astro-ph.CO', 'astro-ph.EP', 'astro-ph.GA', 'astro-ph.HE']"
10.5281/zenodo.3758549,15,16,2019,"['astro-ph.IM', 'astro-ph.CO', 'astro-ph.EP', 'astro-ph.GA', 'astro-ph.HE']"
10.1088/0004-637X/718/2/963,1,8,2010,"['astro-ph.IM', 'astro-ph.CO', 'astro-ph.EP', 'astro-ph.GA', 'astro-ph.SR']"
10.1117/12.857044,14,12,2010,"['astro-ph.IM', 'astro-ph.CO', 'astro-ph.EP', 'astro-ph.GA', 'astro-ph.SR']"
10.1117/12.862582,1,12,2010,"['astro-ph.IM', 'astro-ph.CO', 'astro-ph.EP', 'astro-ph.GA', 'astro-ph.SR']"
10.1088/0067-0049/210/2/25,1,13,2014,"['astro-ph.EP', 'astro-ph.CO', 'astro-ph.GA', 'astro-ph.IM', 'astro-ph.SR']"
10.1093/mnras/sty409,3,17,2018,"['astro-ph.IM', 'astro-ph.CO', 'astro-ph.EP', 'astro-ph.GA', 'astro-ph.SR']"
10.3847/1538-4357/aa8666,2,12,2017,"['astro-ph.IM', 'astro-ph.CO', 'astro-ph.EP', 'astro-ph.GA', 'astro-ph.SR']"
10.1016/j.jcp.2017.10.024,3,26,2017,"['astro-ph.IM', 'astro-ph.CO', 'astro-ph.EP', 'astro-ph.GA', 'astro-ph.SR']"
10.1017/pasa.2019.5,40,46,2019,"['astro-ph.IM', 'astro-ph.CO', 'astro-ph.EP', 'astro-ph.GA', 'astro-ph.SR']"
10.1088/1538-3873/aadb77,15,28,2018,"['astro-ph.IM', 'astro-ph.CO', 'astro-ph.EP', 'astro-ph.GA', 'astro-ph.SR']"
10.5281/zenodo.842713,105,312,2017,"['astro-ph.IM', 'astro-ph.CO', 'astro-ph.EP', 'astro-ph.GA', 'astro-ph.SR']"
10.1080/00107514.2018.1467648,1,67,2018,"['astro-ph.IM', 'astro-ph.CO', 'astro-ph.EP', 'astro-ph.GA', 'astro-ph.SR']"
10.1051/0004-6361/202243964,21,42,2022,"['astro-ph.SR', 'astro-ph.CO', 'astro-ph.EP', 'astro-ph.GA', 'astro-ph.IM']"
10.18716/kups/64624,4,59,2022,"['astro-ph.IM', 'astro-ph.CO', 'astro-ph.EP', 'astro-ph.GA', 'astro-ph.SR']"
10.1093/mnras/stac3461,5,16,2022,"['astro-ph.IM', 'astro-ph.CO', 'astro-ph.EP', 'astro-ph.GA', 'astro-ph.SR']"
10.1080/00107514.2023.2266921,2,25,2023,"['astro-ph.IM', 'astro-ph.CO', 'astro-ph.EP', 'astro-ph.GA', 'astro-ph.SR']"
10.1093/mnrasl/slu166,3,5,2014,"['astro-ph.SR', 'astro-ph.EP', 'astro-ph.HE', 'astro-ph.IM']"
10.1086/680521,14,16,2015,"['astro-ph.IM', 'astro-ph.EP', 'astro-ph.HE', 'astro-ph.SR']"
10.1002/asna.20210068,21,6,2021,"['astro-ph.IM', 'astro-ph.EP', 'astro-ph.HE', 'astro-ph.SR']"
10.1093/mnras/stac2831,2,21,2023,"['astro-ph.EP', 'astro-ph.HE', 'astro-ph.IM', 'astro-ph.SR']"
10.3847/1538-4365/acae8d,22,50,2022,"['astro-ph.SR', 'astro-ph.EP', 'astro-ph.HE', 'astro-ph.IM']"
10.1088/1538-3873/ac4811,19,17,2021,"['astro-ph.IM', 'astro-ph.EP', 'astro-ph.HE', 'astro-ph.SR']"
10.3847/1538-4357/ac7f2c,6,27,2022,"['astro-ph.SR', 'astro-ph.EP', 'astro-ph.HE', 'astro-ph.IM']"
10.1093/mnras/stad981,3,8,2023,"['astro-ph.SR', 'astro-ph.EP', 'astro-ph.HE', 'astro-ph.IM']"
10.1038/s41550-023-02188-2,31,24,2024,"['astro-ph.SR', 'astro-ph.EP', 'astro-ph.HE', 'astro-ph.IM']"
10.1088/1538-3873/ad77f3,21,21,2024,"['astro-ph.IM', 'astro-ph.EP', 'astro-ph.GA', 'astro-ph.HE']"
10.1093/mnras/stx837,25,22,2017,"['astro-ph.HE', 'astro-ph.EP', 'astro-ph.GA', 'astro-ph.IM']"
10.1016/j.newar.2009.02.001,2,36,2009,"['astro-ph.CO', 'astro-ph.EP', 'astro-ph.HE', 'astro-ph.IM']"
10.1111/j.1745-3933.2010.00945.x,3,5,2010,"['astro-ph.SR', 'astro-ph.EP', 'astro-ph.GA', 'astro-ph.IM']"
10.1088/0004-637X/813/2/100,7,10,2015,"['astro-ph.SR', 'astro-ph.EP', 'astro-ph.GA', 'astro-ph.IM']"
10.1093/mnras/stw103,4,14,2016,"['astro-ph.IM', 'astro-ph.EP', 'astro-ph.GA', 'astro-ph.SR']"
10.1016/j.jms.2016.03.005,5,16,2016,"['astro-ph.IM', 'astro-ph.EP', 'astro-ph.GA', 'astro-ph.SR']"
10.1088/1538-3873/aabfb6,8,14,2019,"['astro-ph.SR', 'astro-ph.EP', 'astro-ph.GA', 'astro-ph.IM']"
10.1007/s11207-019-1500-0,5,16,2019,"['astro-ph.SR', 'astro-ph.EP', 'astro-ph.GA', 'astro-ph.IM']"
10.1051/0004-6361/201936810,4,17,2020,"['astro-ph.SR', 'astro-ph.EP', 'astro-ph.GA', 'astro-ph.IM']"
10.5303/JKAS.2020.53.5.99,1,4,2020,"['astro-ph.IM', 'astro-ph.EP', 'astro-ph.GA', 'astro-ph.SR']"
10.1093/mnras/staa471,6,13,2020,"['astro-ph.SR', 'astro-ph.EP', 'astro-ph.GA', 'astro-ph.IM']"
10.1093/mnras/staa540,2,10,2020,"['astro-ph.SR', 'astro-ph.EP', 'astro-ph.GA', 'astro-ph.IM']"
10.1051/0004-6361/201833774,28,2,2020,"['astro-ph.SR', 'astro-ph.EP', 'astro-ph.GA', 'astro-ph.IM']"
10.1093/mnras/staa2375,4,24,2020,"['astro-ph.EP', 'astro-ph.GA', 'astro-ph.IM', 'astro-ph.SR']"
10.1093/mnras/staa3674,12,11,2020,"['astro-ph.EP', 'astro-ph.GA', 'astro-ph.IM', 'astro-ph.SR']"
10.1093/mnras/staa3682,2,17,2020,"['astro-ph.IM', 'astro-ph.EP', 'astro-ph.GA', 'astro-ph.SR']"
10.1051/0004-6361/202040077,4,11,2021,"['astro-ph.GA', 'astro-ph.EP', 'astro-ph.IM', 'astro-ph.SR']"
10.3847/1538-4365/abf93c,1,18,2021,"['astro-ph.GA', 'astro-ph.EP', 'astro-ph.IM', 'astro-ph.SR']"
10.3847/1538-3881/ac1c09,34,11,2021,"['astro-ph.EP', 'astro-ph.GA', 'astro-ph.IM', 'astro-ph.SR']"
10.1051/0004-6361/202141939,49,9,2021,"['astro-ph.EP', 'astro-ph.GA', 'astro-ph.IM', 'astro-ph.SR']"
10.1051/0004-6361/201936393,5,24,2021,"['astro-ph.SR', 'astro-ph.EP', 'astro-ph.GA', 'astro-ph.IM']"
10.1051/0004-6361/202140614,16,13,2021,"['astro-ph.IM', 'astro-ph.EP', 'astro-ph.GA', 'astro-ph.SR']"
10.1051/0004-6361/202141623,2,17,2021,"['astro-ph.EP', 'astro-ph.GA', 'astro-ph.IM', 'astro-ph.SR']"
10.1051/0004-6361/202243134,168,38,2022,"['astro-ph.SR', 'astro-ph.EP', 'astro-ph.GA', 'astro-ph.IM']"
10.1051/0004-6361/202244032,6,29,2022,"['astro-ph.IM', 'astro-ph.EP', 'astro-ph.GA', 'astro-ph.SR']"
10.1093/mnras/stx2582,25,20,2017,"['astro-ph.SR', 'astro-ph.EP', 'astro-ph.GA', 'astro-ph.IM']"
10.1093/mnras/stz306,43,26,2018,"['astro-ph.EP', 'astro-ph.GA', 'astro-ph.IM', 'astro-ph.SR']"
10.3847/1538-4365/aaec06,1,14,2018,"['astro-ph.SR', 'astro-ph.EP', 'astro-ph.GA', 'astro-ph.IM']"
10.1093/mnras/staa786,1,20,2020,"['astro-ph.EP', 'astro-ph.GA', 'astro-ph.IM', 'astro-ph.SR']"
10.1051/0004-6361/202037587,4,13,2020,"['astro-ph.IM', 'astro-ph.EP', 'astro-ph.GA', 'astro-ph.SR']"
10.3847/1538-3881/aba75b,8,26,2020,"['astro-ph.EP', 'astro-ph.GA', 'astro-ph.IM', 'astro-ph.SR']"
10.3847/1538-3881/abfc4a,20,47,2021,"['astro-ph.EP', 'astro-ph.GA', 'astro-ph.IM', 'astro-ph.SR']"
10.1093/mnras/staa2745,1,19,2020,"['astro-ph.SR', 'astro-ph.EP', 'astro-ph.GA', 'astro-ph.IM']"
10.25949/zdaw-rx65,21,141,2020,"['astro-ph.IM', 'astro-ph.EP', 'astro-ph.GA', 'astro-ph.SR']"
10.3847/1538-3881/ac205c,6,21,2020,"['astro-ph.GA', 'astro-ph.EP', 'astro-ph.IM', 'astro-ph.SR']"
10.3847/1538-3881/abf930,57,2,2021,"['astro-ph.EP', 'astro-ph.GA', 'astro-ph.IM', 'astro-ph.SR']"
10.3847/1538-4357/ac3fbb,7,16,2021,"['astro-ph.IM', 'astro-ph.EP', 'astro-ph.GA', 'astro-ph.SR']"
10.1088/1538-3873/ac5b89,7,16,2022,"['astro-ph.IM', 'astro-ph.EP', 'astro-ph.GA', 'astro-ph.SR']"
10.1051/0004-6361/202243161,21,10,2022,"['astro-ph.EP', 'astro-ph.GA', 'astro-ph.IM', 'astro-ph.SR']"
10.3847/2041-8213/ac8c2b,2,10,2022,"['astro-ph.EP', 'astro-ph.GA', 'astro-ph.IM', 'astro-ph.SR']"
10.1088/1674-4527/ac77e4,22,39,2022,"['astro-ph.EP', 'astro-ph.GA', 'astro-ph.IM', 'astro-ph.SR']"
10.1051/0004-6361/202244193,2,11,2022,"['astro-ph.SR', 'astro-ph.EP', 'astro-ph.GA', 'astro-ph.IM']"
10.1051/0004-6361/202243782,450,60,2022,"['astro-ph.SR', 'astro-ph.EP', 'astro-ph.GA', 'astro-ph.IM']"
10.1051/0004-6361/202243800,448,35,2022,"['astro-ph.SR', 'astro-ph.EP', 'astro-ph.GA', 'astro-ph.IM']"
10.1093/mnras/stac2928,8,16,2022,"['astro-ph.SR', 'astro-ph.EP', 'astro-ph.GA', 'astro-ph.IM']"
10.1051/0004-6361/202244207,8,12,2022,"['astro-ph.EP', 'astro-ph.GA', 'astro-ph.IM', 'astro-ph.SR']"
10.3847/1538-4365/ac98fd,8,14,2022,"['astro-ph.EP', 'astro-ph.GA', 'astro-ph.IM', 'astro-ph.SR']"
10.1051/0004-6361/202142970,2,15,2022,"['astro-ph.IM', 'astro-ph.EP', 'astro-ph.GA', 'astro-ph.SR']"
10.1140/epjp/s13360-022-03377-0,4,17,2022,"['astro-ph.SR', 'astro-ph.EP', 'astro-ph.GA', 'astro-ph.IM']"
10.18716/kups/64624,1,5,2022,"['astro-ph.IM', 'astro-ph.EP', 'astro-ph.GA', 'astro-ph.SR']"
10.1093/mnras/stad319,2,20,2023,"['astro-ph.EP', 'astro-ph.GA', 'astro-ph.IM', 'astro-ph.SR']"
10.1051/0004-6361/202243514,5,17,2023,"['astro-ph.SR', 'astro-ph.EP', 'astro-ph.GA', 'astro-ph.IM']"
10.3847/1538-3881/acc526,4,14,2023,"['astro-ph.GA', 'astro-ph.EP', 'astro-ph.IM', 'astro-ph.SR']"
10.1093/mnras/stad2655,2,14,2023,"['astro-ph.EP', 'astro-ph.GA', 'astro-ph.IM', 'astro-ph.SR']"
10.1093/mnras/stab3108,3,8,2023,"['astro-ph.EP', 'astro-ph.GA', 'astro-ph.IM', 'astro-ph.SR']"
10.1093/mnras/stad1899,3,10,2023,"['astro-ph.GA', 'astro-ph.EP', 'astro-ph.IM', 'astro-ph.SR']"
10.3847/1538-4357/acf31e,8,12,2023,"['astro-ph.SR', 'astro-ph.EP', 'astro-ph.GA', 'astro-ph.IM']"
10.3847/1538-3881/ad05c1 10.3847/1538-3881/ad5e7c,1,14,2023,"['astro-ph.EP', 'astro-ph.GA', 'astro-ph.IM', 'astro-ph.SR', '85A99']"
10.1051/0004-6361/202347767,6,15,2024,"['astro-ph.SR', 'astro-ph.EP', 'astro-ph.GA', 'astro-ph.IM']"
10.12688/openreseurope.17450.1,41,27,2024,"['astro-ph.GA', 'astro-ph.EP', 'astro-ph.IM', 'astro-ph.SR']"
10.3847/1538-4357/ad8b26,7,28,2024,"['astro-ph.SR', 'astro-ph.EP', 'astro-ph.GA', 'astro-ph.IM']"
10.1088/1538-3873/ad70d7,5,18,2024,"['astro-ph.EP', 'astro-ph.GA', 'astro-ph.IM', 'astro-ph.SR']"
10.3847/1538-4357/ad779f,2,12,2024,"['astro-ph.IM', 'astro-ph.EP', 'astro-ph.GA', 'astro-ph.SR']"
10.3847/1538-4357/ad88f5,5,15,2024,"['astro-ph.SR', 'astro-ph.EP', 'astro-ph.GA', 'astro-ph.IM']"
10.33232/001c.125461,7,22,2024,"['astro-ph.SR', 'astro-ph.EP', 'astro-ph.GA', 'astro-ph.IM']"
10.1038/s41550-024-02393-7,10,19,2024,"['astro-ph.SR', 'astro-ph.EP', 'astro-ph.GA', 'astro-ph.IM']"
10.1007/978-94-007-5606-9_7,1,82,2012,"['astro-ph.EP', 'astro-ph.CO', 'astro-ph.GA', 'astro-ph.HE', 'astro-ph.SR']"
10.1088/0004-637X/776/1/48,2,15,2013,"['astro-ph.EP', 'astro-ph.CO', 'astro-ph.GA', 'astro-ph.HE', 'astro-ph.SR']"
10.1051/0004-6361/201424109,9,14,2014,"['astro-ph.SR', 'astro-ph.CO', 'astro-ph.EP', 'astro-ph.GA', 'astro-ph.HE']"
10.1051/0004-6361/201424110,5,24,2014,"['astro-ph.SR', 'astro-ph.CO', 'astro-ph.EP', 'astro-ph.GA', 'astro-ph.HE']"
10.1051/0004-6361/201424111,4,18,2014,"['astro-ph.SR', 'astro-ph.CO', 'astro-ph.EP', 'astro-ph.GA', 'astro-ph.HE']"
10.1017/pasa.2018.43,16,23,2018,"['astro-ph.IM', 'astro-ph.CO', 'astro-ph.EP', 'astro-ph.SR']"
10.1051/0004-6361/201118197,3,5,2011,"['astro-ph.SR', 'astro-ph.CO', 'astro-ph.GA', 'astro-ph.HE', 'astro-ph.IM']"
10.1093/mnras/stz2042,1,16,2019,"['astro-ph.IM', 'astro-ph.CO', 'astro-ph.GA', 'astro-ph.HE', 'astro-ph.SR']"
10.1093/mnras/stac262,1,12,2022,"['astro-ph.GA', 'astro-ph.CO', 'astro-ph.HE', 'astro-ph.IM', 'astro-ph.SR', '85A05']"
10.1093/mnras/stt764,3,23,2013,"['astro-ph.IM', 'astro-ph.CO', 'astro-ph.GA', 'astro-ph.HE', 'astro-ph.SR', '85-04, 85-08, 62-04', 'J.2; G.3; G.4; I.6.8']"
10.1093/mnras/stt1776,2,8,2013,"['astro-ph.IM', 'astro-ph.CO', 'astro-ph.GA', 'astro-ph.HE', 'astro-ph.SR']"
10.1086/675262,16,29,2014,"['astro-ph.IM', 'astro-ph.CO', 'astro-ph.GA', 'astro-ph.HE', 'astro-ph.SR']"
10.1093/mnras/sty3089,2,9,2018,"['astro-ph.GA', 'astro-ph.CO', 'astro-ph.HE', 'astro-ph.IM', 'astro-ph.SR']"
10.1093/mnras/stac645,7,19,2022,"['astro-ph.GA', 'astro-ph.CO', 'astro-ph.HE', 'astro-ph.IM', 'astro-ph.SR', '85A05']"
10.1007/s10686-022-09880-7,299,48,2022,"['astro-ph.IM', 'astro-ph.CO', 'astro-ph.GA', 'astro-ph.HE', 'astro-ph.SR']"
10.1093/mnras/sty674,9,18,2018,"['astro-ph.GA', 'astro-ph.CO', 'astro-ph.HE', 'astro-ph.IM', 'astro-ph.SR']"
10.3847/2041-8213/ac1c0c,4,11,2021,"['astro-ph.HE', 'astro-ph.CO', 'astro-ph.GA', 'astro-ph.IM', 'astro-ph.SR', '85A05']"
10.1093/mnras/stac3489,21,26,2022,"['astro-ph.GA', 'astro-ph.CO', 'astro-ph.HE', 'astro-ph.IM', 'astro-ph.SR']"
10.1007/s11433-023-2149-y,54,52,2023,"['astro-ph.GA', 'astro-ph.CO', 'astro-ph.HE', 'astro-ph.IM', 'astro-ph.SR']"
10.1051/0004-6361/202449786,26,28,2025,"['astro-ph.IM', 'astro-ph.CO', 'astro-ph.GA', 'astro-ph.HE', 'astro-ph.SR']"
10.1038/ncomms15003,6,35,2017,"['astro-ph.IM', 'astro-ph.CO', 'astro-ph.EP', 'astro-ph.GA']"
10.1093/mnras/stz2662,1,9,2019,"['astro-ph.EP', 'astro-ph.CO', 'astro-ph.GA', 'astro-ph.IM']"
10.1093/mnras/stz884,1,8,2019,"['astro-ph.EP', 'astro-ph.CO', 'astro-ph.GA', 'astro-ph.IM']"
10.61977/ati2024008,31,28,2024,"['astro-ph.IM', 'astro-ph.CO', 'astro-ph.EP', 'astro-ph.GA']"
10.1051/0004-6361/202140667,5,35,2021,"['astro-ph.GA', 'astro-ph.EP', 'astro-ph.HE', 'astro-ph.SR']"
10.1111/j.1365-2966.2012.21444.x,3,20,2012,"['astro-ph.EP', 'astro-ph.GA', 'astro-ph.HE', 'astro-ph.SR']"
10.1088/0004-637X/782/2/60,2,13,2014,"['astro-ph.SR', 'astro-ph.EP', 'astro-ph.GA', 'astro-ph.HE']"
10.1093/mnras/staa2778,5,7,2020,"['astro-ph.GA', 'astro-ph.EP', 'astro-ph.HE', 'astro-ph.SR']"
10.1093/mnras/stac2154,1,19,2022,"['astro-ph.SR', 'astro-ph.EP', 'astro-ph.GA', 'astro-ph.HE']"
10.3847/2041-8213/ad7e1a,3,7,2024,"['astro-ph.SR', 'astro-ph.EP', 'astro-ph.GA', 'astro-ph.HE']"
10.1051/0004-6361/201630241,7,15,2017,"['astro-ph.SR', 'astro-ph.EP', 'astro-ph.GA', 'astro-ph.HE']"
10.1093/mnras/stz3413,6,15,2019,"['astro-ph.SR', 'astro-ph.EP', 'astro-ph.GA', 'astro-ph.HE']"
10.1093/mnras/stz3601,2,7,2019,"['astro-ph.SR', 'astro-ph.EP', 'astro-ph.GA', 'astro-ph.HE']"
10.1016/j.newast.2020.101493,2,20,2020,"['astro-ph.HE', 'astro-ph.EP', 'astro-ph.GA', 'astro-ph.SR']"
10.3847/1538-4357/acd1e0,4,17,2023,"['astro-ph.SR', 'astro-ph.EP', 'astro-ph.GA', 'astro-ph.HE']"
10.1093/mnras/stad1988,2,20,2023,"['astro-ph.GA', 'astro-ph.EP', 'astro-ph.HE', 'astro-ph.SR']"
10.1051/0004-6361/202347532,3,30,2023,"['astro-ph.SR', 'astro-ph.EP', 'astro-ph.GA', 'astro-ph.HE']"
10.1093/mnrasl/slad183,3,6,2023,"['astro-ph.EP', 'astro-ph.GA', 'astro-ph.HE', 'astro-ph.SR']"
10.1093/mnras/stv125,7,12,2015,"['astro-ph.HE', 'astro-ph.GA', 'astro-ph.IM', 'astro-ph.SR']"
10.3847/1538-3881/abd5c1,26,39,2020,"['astro-ph.IM', 'astro-ph.GA', 'astro-ph.HE', 'astro-ph.SR']"
10.3847/1538-4365/ac2fa1,10,79,2021,"['astro-ph.GA', 'astro-ph.HE', 'astro-ph.IM', 'astro-ph.SR']"
10.1088/0004-637X/708/2/1760,5,39,2009,"['astro-ph.SR', 'astro-ph.GA', 'astro-ph.HE', 'astro-ph.IM']"
10.1093/mnras/stv333,4,7,2015,"['astro-ph.HE', 'astro-ph.GA', 'astro-ph.IM', 'astro-ph.SR']"
10.1051/0004-6361/201425196,87,38,2015,"['astro-ph.HE', 'astro-ph.GA', 'astro-ph.IM', 'astro-ph.SR']"
10.3847/0004-637X/817/2/139,2,32,2016,"['astro-ph.HE', 'astro-ph.GA', 'astro-ph.IM', 'astro-ph.SR']"
10.3847/0004-637X/818/2/105,13,26,2016,"['astro-ph.HE', 'astro-ph.GA', 'astro-ph.IM', 'astro-ph.SR']"
10.1007/s00159-018-0107-z,3,50,2018,"['astro-ph.SR', 'astro-ph.GA', 'astro-ph.HE', 'astro-ph.IM']"
10.1093/mnras/stz440,2,15,2019,"['astro-ph.GA', 'astro-ph.HE', 'astro-ph.IM', 'astro-ph.SR', '85A05']"
10.1088/1538-3873/ab6069,27,35,2019,"['astro-ph.IM', 'astro-ph.GA', 'astro-ph.HE', 'astro-ph.SR']"
10.3847/25c2cfeb.13af6a03,3,21,2020,"['astro-ph.IM', 'astro-ph.GA', 'astro-ph.HE', 'astro-ph.SR']"
10.1093/mnras/stz628,4,20,2019,"['astro-ph.GA', 'astro-ph.HE', 'astro-ph.IM', 'astro-ph.SR']"
10.1088/1538-3873/ab99cd,12,19,2020,"['astro-ph.IM', 'astro-ph.GA', 'astro-ph.HE', 'astro-ph.SR']"
10.1051/0004-6361/202141449,4,15,2022,"['astro-ph.SR', 'astro-ph.GA', 'astro-ph.HE', 'astro-ph.IM']"
10.1093/mnras/stac1065,8,13,2022,"['astro-ph.IM', 'astro-ph.GA', 'astro-ph.HE', 'astro-ph.SR']"
10.1088/1538-3873/ac81ed,17,12,2022,"['astro-ph.IM', 'astro-ph.GA', 'astro-ph.HE', 'astro-ph.SR']"
10.1088/1538-3873/ac9642,49,20,2022,"['astro-ph.IM', 'astro-ph.GA', 'astro-ph.HE', 'astro-ph.SR']"
10.1007/s12036-023-09926-y,4,10,2022,"['astro-ph.IM', 'astro-ph.GA', 'astro-ph.HE', 'astro-ph.SR']"
10.1051/0004-6361/202245271,5,9,2022,"['astro-ph.HE', 'astro-ph.GA', 'astro-ph.IM', 'astro-ph.SR']"
10.1093/mnras/stad2024,4,12,2023,"['astro-ph.HE', 'astro-ph.GA', 'astro-ph.IM', 'astro-ph.SR', '85A05']"
10.1007/s11433-023-2197-5,63,48,2023,"['astro-ph.IM', 'astro-ph.GA', 'astro-ph.HE', 'astro-ph.SR']"
10.3847/2041-8213/ad9b26,10,8,2025,"['astro-ph.GA', 'astro-ph.HE', 'astro-ph.IM', 'astro-ph.SR']"
10.1051/0004-6361/201015141,8,22,2010,"['astro-ph.HE', 'astro-ph.CO', 'astro-ph.IM', 'astro-ph.SR']"
10.23919/URSIGASS.2017.8105318,14,4,2017,"['astro-ph.IM', 'astro-ph.CO', 'astro-ph.HE', 'astro-ph.SR']"
10.3847/1538-4357/aaa9b7,2,9,2018,"['astro-ph.HE', 'astro-ph.CO', 'astro-ph.IM', 'astro-ph.SR']"
10.1089/ast.2018.1895,5,13,2018,"['astro-ph.CO', 'astro-ph.EP', 'astro-ph.GA', 'astro-ph.HE']"
10.1117/12.926239,85,15,2012,"['astro-ph.IM', 'astro-ph.CO', 'astro-ph.GA', 'astro-ph.HE']"
10.1051/0004-6361/201526832,5,12,2015,"['astro-ph.GA', 'astro-ph.CO', 'astro-ph.HE', 'astro-ph.IM']"
10.1088/1475-7516/2016/05/038,10,23,2016,"['astro-ph.IM', 'astro-ph.CO', 'astro-ph.GA', 'astro-ph.HE']"
10.1088/1475-7516/2018/03/034,2,7,2018,"['astro-ph.GA', 'astro-ph.CO', 'astro-ph.HE', 'astro-ph.IM']"
10.1093/mnras/stz2033,5,22,2019,"['astro-ph.CO', 'astro-ph.GA', 'astro-ph.HE', 'astro-ph.IM']"
10.1088/1475-7516/2022/09/035,17,32,2022,"['astro-ph.HE', 'astro-ph.CO', 'astro-ph.GA', 'astro-ph.IM']"
10.1093/mnras/stad302,12,30,2023,"['astro-ph.IM', 'astro-ph.CO', 'astro-ph.GA', 'astro-ph.HE']"
10.1146/annurev-astro-082708-101816,2,51,2010,"['astro-ph.HE', 'astro-ph.CO', 'astro-ph.GA', 'astro-ph.IM']"
10.1088/0004-637X/758/2/103,3,11,2012,"['astro-ph.GA', 'astro-ph.CO', 'astro-ph.HE', 'astro-ph.IM']"
10.1093/mnras/stw2941,5,31,2016,"['astro-ph.GA', 'astro-ph.CO', 'astro-ph.HE', 'astro-ph.IM']"
10.1117/12.2232432,91,41,2016,"['astro-ph.IM', 'astro-ph.CO', 'astro-ph.GA', 'astro-ph.HE']"
10.1088/1361-6633/acd2ea,3,55,2023,"['astro-ph.IM', 'astro-ph.CO', 'astro-ph.GA', 'astro-ph.HE']"
10.1007/s10509-010-0438-3,10,47,2010,"['astro-ph.HE', 'astro-ph.CO', 'astro-ph.GA', 'astro-ph.IM']"
10.1051/0004-6361/201833559,107,22,2018,"['astro-ph.GA', 'astro-ph.CO', 'astro-ph.HE', 'astro-ph.IM']"
10.1016/j.ascom.2019.04.001,5,11,2019,"['astro-ph.HE', 'astro-ph.CO', 'astro-ph.GA', 'astro-ph.IM']"
10.3847/1538-3881/ac460a,2,21,2022,"['astro-ph.IM', 'astro-ph.CO', 'astro-ph.GA', 'astro-ph.HE']"
10.1051/0004-6361/202142484,106,29,2022,"['astro-ph.GA', 'astro-ph.CO', 'astro-ph.HE', 'astro-ph.IM']"
10.1038/s41550-024-02303-x,3,13,2024,"['astro-ph.CO', 'astro-ph.GA', 'astro-ph.HE', 'astro-ph.IM']"
10.3847/1538-3881/ab8192,3,21,2020,"['astro-ph.EP', 'astro-ph.CO', 'astro-ph.GA', 'astro-ph.SR']"
10.1093/mnras/stt1115,5,12,2013,"['astro-ph.GA', 'astro-ph.CO', 'astro-ph.EP', 'astro-ph.SR']"
10.1016/j.icarus.2012.11.018,1,27,2011,"['astro-ph.SR', 'astro-ph.CO', 'astro-ph.EP', 'astro-ph.GA']"
10.1051/0004-6361/201118646,20,21,2012,"['astro-ph.GA', 'astro-ph.CO', 'astro-ph.IM', 'astro-ph.SR']"
10.1007/s11214-017-0395-z,6,59,2017,"['astro-ph.GA', 'astro-ph.CO', 'astro-ph.IM', 'astro-ph.SR']"
10.1017/S1743921317002496,8,8,2017,"['astro-ph.SR', 'astro-ph.CO', 'astro-ph.GA', 'astro-ph.IM']"
10.1088/1742-6596/1225/1/012019,1,8,2019,"['astro-ph.IM', 'astro-ph.CO', 'astro-ph.GA', 'astro-ph.SR']"
10.3847/1538-4357/ab5186,2,25,2019,"['astro-ph.GA', 'astro-ph.CO', 'astro-ph.IM', 'astro-ph.SR']"
10.1017/pas.2013.009,61,32,2013,"['astro-ph.IM', 'astro-ph.CO', 'astro-ph.GA', 'astro-ph.SR']"
10.3847/1538-4365/ac00b3,135,29,2021,"['astro-ph.IM', 'astro-ph.CO', 'astro-ph.GA', 'astro-ph.SR']"
10.1093/mnras/stad557,215,41,2023,"['astro-ph.IM', 'astro-ph.CO', 'astro-ph.GA', 'astro-ph.SR']"
10.1088/0067-0049/186/2/308,5,56,2009,"['astro-ph.IM', 'astro-ph.CO', 'astro-ph.GA', 'astro-ph.SR']"
10.1007/978-94-007-5612-0_3,2,34,2011,"['astro-ph.GA', 'astro-ph.CO', 'astro-ph.IM', 'astro-ph.SR']"
10.1111/j.1365-2966.2011.19054.x,33,27,2011,"['astro-ph.IM', 'astro-ph.CO', 'astro-ph.GA', 'astro-ph.SR']"
10.1086/674875,2,20,2014,"['astro-ph.IM', 'astro-ph.CO', 'astro-ph.GA', 'astro-ph.SR']"
10.1016/j.jcp.2016.06.053,3,23,2016,"['astro-ph.IM', 'astro-ph.CO', 'astro-ph.GA', 'astro-ph.SR']"
10.1093/mnras/stx727,19,15,2017,"['astro-ph.GA', 'astro-ph.CO', 'astro-ph.IM', 'astro-ph.SR']"
10.3847/1538-4357/aa71aa,4,20,2017,"['astro-ph.GA', 'astro-ph.CO', 'astro-ph.IM', 'astro-ph.SR']"
10.3847/1538-4365/aae9f0,202,30,2019,"['astro-ph.IM', 'astro-ph.CO', 'astro-ph.GA', 'astro-ph.SR']"
10.1093/pasj/psz103,65,26,2019,"['astro-ph.IM', 'astro-ph.CO', 'astro-ph.GA', 'astro-ph.SR']"
10.1093/mnras/stab1835,28,27,2021,"['astro-ph.GA', 'astro-ph.CO', 'astro-ph.IM', 'astro-ph.SR']"
10.1093/mnras/stac2748,7,15,2022,"['astro-ph.GA', 'astro-ph.CO', 'astro-ph.IM', 'astro-ph.SR']"
10.3847/1538-4357/ad642c,6,17,2024,"['astro-ph.GA', 'astro-ph.CO', 'astro-ph.IM', 'astro-ph.SR']"
10.1093/pasj/psw053,6,22,2016,"['astro-ph.IM', 'astro-ph.CO', 'astro-ph.EP', 'astro-ph.GA', 'astro-ph.SR', 'physics.comp-ph']"
10.1088/1538-3873/ab3e18,1,26,2019,"['astro-ph.IM', 'astro-ph.CO', 'astro-ph.EP', 'astro-ph.GA', 'astro-ph.SR', 'physics.soc-ph']"
10.5802/crphys.204,1,28,2024,"['astro-ph.SR', 'astro-ph.EP', 'astro-ph.HE', 'astro-ph.IM', 'physics.plasm-ph']"
10.1007/JHEP10(2022)186,2,34,2022,"['hep-ph', 'astro-ph.CO', 'astro-ph.EP', 'astro-ph.HE', 'astro-ph.IM']"
10.3847/1538-3881/ad779a,6,15,2024,"['astro-ph.IM', 'astro-ph.CO', 'astro-ph.EP', 'astro-ph.HE', 'physics.ins-det']"
10.1088/0004-637X/801/2/120,5,7,2015,"['astro-ph.GA', 'astro-ph.EP', 'astro-ph.IM', 'astro-ph.SR', 'physics.chem-ph']"
10.1093/mnras/stab1296,3,7,2021,"['physics.comp-ph', 'astro-ph.EP', 'astro-ph.GA', 'astro-ph.IM', 'astro-ph.SR']"
10.1017/S147355042100032X,1,17,2021,"['astro-ph.EP', 'astro-ph.GA', 'astro-ph.IM', 'astro-ph.SR', 'physics.pop-ph']"
10.1038/s41550-022-01671-6,3,21,2022,"['astro-ph.EP', 'astro-ph.GA', 'astro-ph.IM', 'astro-ph.SR', 'cs.LG']"
10.1093/mnras/stac2232,3,16,2022,"['astro-ph.IM', 'astro-ph.EP', 'astro-ph.GA', 'astro-ph.SR', 'physics.ao-ph']"
10.1103/PhysRevD.105.044012,2,28,2021,"['gr-qc', 'astro-ph.EP', 'astro-ph.GA', 'astro-ph.IM', 'astro-ph.SR']"
10.1093/mnras/stac2130,2,12,2022,"['astro-ph.EP', 'astro-ph.GA', 'astro-ph.IM', 'astro-ph.SR', 'gr-qc']"
10.3847/1538-4357/ac7724,3,23,2022,"['astro-ph.EP', 'astro-ph.GA', 'astro-ph.IM', 'astro-ph.SR', 'physics.optics']"
10.1051/0004-6361/202243972,8,11,2022,"['astro-ph.GA', 'astro-ph.EP', 'astro-ph.IM', 'astro-ph.SR', 'gr-qc']"
10.3847/1538-4357/acaf4f,2,26,2022,"['astro-ph.IM', 'astro-ph.EP', 'astro-ph.GA', 'astro-ph.SR', 'gr-qc']"
10.3847/1538-4357/acd698,4,15,2023,"['astro-ph.IM', 'astro-ph.EP', 'astro-ph.GA', 'astro-ph.SR', 'physics.comp-ph']"
10.1051/0004-6361/202347354,1,7,2023,"['astro-ph.IM', 'astro-ph.EP', 'astro-ph.GA', 'astro-ph.SR', 'stat.ML']"
10.1093/mnras/staa106,4,15,2020,"['astro-ph.IM', 'astro-ph.CO', 'astro-ph.EP', 'astro-ph.SR', 'stat.AP']"
10.1093/mnras/staa110,4,15,2020,"['astro-ph.IM', 'astro-ph.CO', 'astro-ph.EP', 'astro-ph.SR', 'stat.AP']"
10.1093/mnras/stae922,27,43,2024,"['astro-ph.IM', 'astro-ph.CO', 'astro-ph.EP', 'astro-ph.GA', 'cs.DC']"
10.1093/mnras/stv2180,2,35,2015,"['astro-ph.IM', 'astro-ph.CO', 'astro-ph.GA', 'astro-ph.HE', 'astro-ph.SR', 'physics.flu-dyn']"
10.3847/1538-4357/accf90,2,16,2023,"['astro-ph.SR', 'astro-ph.CO', 'astro-ph.GA', 'astro-ph.HE', 'astro-ph.IM', 'gr-qc']"
10.1093/mnras/stu1378,23,17,2014,"['astro-ph.HE', 'astro-ph.CO', 'astro-ph.GA', 'astro-ph.SR']"
10.1051/0004-6361/201628765,10,18,2016,"['astro-ph.GA', 'astro-ph.CO', 'astro-ph.HE', 'astro-ph.SR']"
10.1088/1475-7516/2017/08/015,4,37,2017,"['astro-ph.HE', 'astro-ph.CO', 'astro-ph.GA', 'astro-ph.SR']"
10.3847/1538-4357/ab9b78,8,11,2021,"['astro-ph.HE', 'astro-ph.CO', 'astro-ph.GA', 'astro-ph.SR']"
10.1051/0004-6361/202243605,7,27,2022,"['astro-ph.GA', 'astro-ph.CO', 'astro-ph.HE', 'astro-ph.SR']"
10.1093/mnrasl/slac149,4,7,2022,"['astro-ph.HE', 'astro-ph.CO', 'astro-ph.GA', 'astro-ph.SR']"
10.1093/mnras/stac2384,4,21,2022,"['astro-ph.HE', 'astro-ph.CO', 'astro-ph.GA', 'astro-ph.SR']"
10.1111/j.1365-2966.2009.15990.x,5,16,2009,"['astro-ph.CO', 'astro-ph.GA', 'astro-ph.HE', 'astro-ph.SR']"
10.1051/0004-6361/201116614,6,11,2011,"['astro-ph.SR', 'astro-ph.CO', 'astro-ph.GA', 'astro-ph.HE']"
10.1111/j.1365-2966.2012.20593.x,3,16,2012,"['astro-ph.CO', 'astro-ph.GA', 'astro-ph.HE', 'astro-ph.SR']"
10.1088/2041-8205/751/2/L34,2,13,2012,"['astro-ph.SR', 'astro-ph.CO', 'astro-ph.GA', 'astro-ph.HE']"
10.1093/mnras/stt017,6,17,2013,"['astro-ph.CO', 'astro-ph.GA', 'astro-ph.HE', 'astro-ph.SR']"
10.1051/0004-6361/201118666,6,10,2012,"['astro-ph.SR', 'astro-ph.CO', 'astro-ph.GA', 'astro-ph.HE']"
10.1017/S1743921314004657,28,29,2013,"['astro-ph.SR', 'astro-ph.CO', 'astro-ph.GA', 'astro-ph.HE']"
10.1007/978-3-319-09596-7,1,8,2014,"['astro-ph.SR', 'astro-ph.CO', 'astro-ph.GA', 'astro-ph.HE']"
10.1088/2041-8205/793/2/L22,10,6,2014,"['astro-ph.SR', 'astro-ph.CO', 'astro-ph.GA', 'astro-ph.HE']"
10.1093/mnras/stv789,1,16,2015,"['astro-ph.HE', 'astro-ph.CO', 'astro-ph.GA', 'astro-ph.SR']"
10.3847/0004-637X/823/2/147,17,13,2016,"['astro-ph.SR', 'astro-ph.CO', 'astro-ph.GA', 'astro-ph.HE']"
10.1093/mnras/stac1100,5,19,2021,"['astro-ph.CO', 'astro-ph.GA', 'astro-ph.HE', 'astro-ph.SR']"
10.3847/1538-4357/ac415e,3,15,2021,"['astro-ph.HE', 'astro-ph.CO', 'astro-ph.GA', 'astro-ph.SR']"
10.3847/2041-8213/adb151,4,12,2025,"['astro-ph.GA', 'astro-ph.CO', 'astro-ph.HE', 'astro-ph.SR']"
10.1111/j.1365-2966.2012.20578.x,3,34,2012,"['astro-ph.CO', 'astro-ph.GA', 'astro-ph.HE', 'astro-ph.SR']"
10.1038/nature10529,3,14,2011,"['astro-ph.SR', 'astro-ph.CO', 'astro-ph.GA', 'astro-ph.HE']"
10.1007/s10509-011-0636-7,1,6,2011,"['astro-ph.SR', 'astro-ph.CO', 'astro-ph.GA', 'astro-ph.HE']"
10.1111/j.1365-2966.2012.20984.x,4,20,2012,"['astro-ph.SR', 'astro-ph.CO', 'astro-ph.GA', 'astro-ph.HE']"
10.1017/S1743921312012641,1,5,2012,"['astro-ph.SR', 'astro-ph.CO', 'astro-ph.GA', 'astro-ph.HE']"
10.1051/0004-6361/201220741,3,4,2013,"['astro-ph.SR', 'astro-ph.CO', 'astro-ph.GA', 'astro-ph.HE']"
10.1051/0004-6361/201322369,3,4,2013,"['astro-ph.SR', 'astro-ph.CO', 'astro-ph.GA', 'astro-ph.HE']"
10.1093/mnras/stu907,6,19,2014,"['astro-ph.GA', 'astro-ph.CO', 'astro-ph.HE', 'astro-ph.SR']"
10.1088/0004-637X/806/1/106,3,11,2015,"['astro-ph.HE', 'astro-ph.CO', 'astro-ph.GA', 'astro-ph.SR']"
10.1007/978-3-319-09596-7_4,1,36,2014,"['astro-ph.SR', 'astro-ph.CO', 'astro-ph.GA', 'astro-ph.HE']"
10.1088/0004-637X/792/1/19,2,8,2014,"['astro-ph.HE', 'astro-ph.CO', 'astro-ph.GA', 'astro-ph.SR']"
10.1088/0004-637X/802/1/13,5,46,2015,"['astro-ph.GA', 'astro-ph.CO', 'astro-ph.HE', 'astro-ph.SR']"
10.3847/1538-4357/836/2/157,42,48,2017,"['astro-ph.SR', 'astro-ph.CO', 'astro-ph.GA', 'astro-ph.HE']"
10.3847/2041-8213/aa7412,5,5,2017,"['astro-ph.SR', 'astro-ph.CO', 'astro-ph.GA', 'astro-ph.HE']"
10.1051/0004-6361/201629906,13,21,2017,"['astro-ph.SR', 'astro-ph.CO', 'astro-ph.GA', 'astro-ph.HE']"
10.1051/0004-6361/201731902,1,5,2017,"['astro-ph.SR', 'astro-ph.CO', 'astro-ph.GA', 'astro-ph.HE']"
10.1051/0004-6361/201731923,10,18,2017,"['astro-ph.SR', 'astro-ph.CO', 'astro-ph.GA', 'astro-ph.HE']"
10.1093/mnras/sty1613,2,9,2018,"['astro-ph.HE', 'astro-ph.CO', 'astro-ph.GA', 'astro-ph.SR']"
10.1093/mnras/stz3190,6,15,2019,"['astro-ph.GA', 'astro-ph.CO', 'astro-ph.HE', 'astro-ph.SR']"
10.1093/mnras/stab842,4,9,2021,"['astro-ph.HE', 'astro-ph.CO', 'astro-ph.GA', 'astro-ph.SR']"
10.3847/1538-4357/abfaf9,5,14,2021,"['astro-ph.GA', 'astro-ph.CO', 'astro-ph.HE', 'astro-ph.SR']"
10.1093/mnras/stab3458,5,8,2022,"['astro-ph.GA', 'astro-ph.CO', 'astro-ph.HE', 'astro-ph.SR']"
10.1017/S1743921322000631,4,6,2022,"['astro-ph.SR', 'astro-ph.CO', 'astro-ph.GA', 'astro-ph.HE']"
10.1051/0004-6361/201321906,4,24,2013,"['astro-ph.SR', 'astro-ph.CO', 'astro-ph.GA', 'astro-ph.HE']"
10.1093/mnras/stx2123,4,16,2017,"['astro-ph.GA', 'astro-ph.CO', 'astro-ph.HE', 'astro-ph.SR']"
10.1093/mnras/stz1382,7,14,2019,"['astro-ph.GA', 'astro-ph.CO', 'astro-ph.HE', 'astro-ph.SR']"
10.1093/mnras/stab280,5,14,2021,"['astro-ph.HE', 'astro-ph.CO', 'astro-ph.GA', 'astro-ph.SR']"
10.1093/mnras/stac176,2,11,2022,"['astro-ph.HE', 'astro-ph.CO', 'astro-ph.GA', 'astro-ph.SR']"
10.1051/0004-6361/202141568,10,16,2021,"['astro-ph.GA', 'astro-ph.CO', 'astro-ph.HE', 'astro-ph.SR']"
10.3847/1538-4357/ac86c7,11,21,2022,"['astro-ph.GA', 'astro-ph.CO', 'astro-ph.HE', 'astro-ph.SR']"
10.1051/0004-6361/202243810,109,12,2022,"['astro-ph.HE', 'astro-ph.CO', 'astro-ph.GA', 'astro-ph.SR']"
10.1093/mnras/stad1860,8,19,2024,"['astro-ph.GA', 'astro-ph.CO', 'astro-ph.HE', 'astro-ph.SR']"
10.1051/0004-6361/202346395,18,16,2023,"['astro-ph.SR', 'astro-ph.CO', 'astro-ph.GA', 'astro-ph.HE']"
10.1051/0004-6361/202451788,2,20,2024,"['astro-ph.CO', 'astro-ph.GA', 'astro-ph.HE', 'astro-ph.SR']"
10.1126/science.abi9232,7,33,2022,"['astro-ph.SR', 'astro-ph.EP', 'astro-ph.GA', 'astro-ph.HE', 'physics.atom-ph']"
10.1093/mnras/stab2403,2,10,2021,"['astro-ph.HE', 'astro-ph.GA', 'astro-ph.IM', 'astro-ph.SR', 'physics.plasm-ph']"
10.1016/j.newar.2022.101661,2,37,2020,"['astro-ph.HE', 'astro-ph.GA', 'astro-ph.IM', 'astro-ph.SR', 'physics.plasm-ph']"
10.1017/S0022377822000940,8,16,2022,"['physics.plasm-ph', 'astro-ph.GA', 'astro-ph.HE', 'astro-ph.IM', 'astro-ph.SR']"
10.1038/s41550-024-02338-0,5,20,2024,"['astro-ph.HE', 'astro-ph.GA', 'astro-ph.IM', 'astro-ph.SR', 'gr-qc']"
10.1103/PhysRevD.107.043012,3,13,2024,"['astro-ph.HE', 'astro-ph.CO', 'astro-ph.EP', 'astro-ph.SR', 'hep-ph']"
10.1093/mnras/sts360,2,25,2013,"['astro-ph.HE', 'astro-ph.CO', 'astro-ph.GA', 'astro-ph.IM', 'gr-qc']"
10.3847/2041-8213/acda88,91,67,2023,"['astro-ph.HE', 'astro-ph.CO', 'astro-ph.GA', 'astro-ph.IM', 'gr-qc']"
10.1093/mnras/stu1717,19,13,2014,"['astro-ph.GA', 'astro-ph.CO', 'astro-ph.HE', 'astro-ph.IM', 'gr-qc']"
10.1103/PhysRevD.98.043009,4,23,2018,"['astro-ph.HE', 'astro-ph.CO', 'astro-ph.GA', 'astro-ph.IM', 'hep-ph']"
10.1007/s10686-021-09729-5,30,20,2019,"['astro-ph.CO', 'astro-ph.GA', 'astro-ph.HE', 'astro-ph.IM', 'gr-qc']"
10.1103/PhysRevD.104.063518,2,12,2021,"['astro-ph.HE', 'astro-ph.CO', 'astro-ph.GA', 'astro-ph.IM', 'gr-qc']"
10.1103/PhysRevD.107.023022,12,27,2023,"['astro-ph.HE', 'astro-ph.CO', 'astro-ph.GA', 'astro-ph.IM', 'hep-ph']"
10.3847/1538-4357/acd116,5,22,2023,"['astro-ph.HE', 'astro-ph.CO', 'astro-ph.GA', 'astro-ph.IM', 'hep-ph']"
10.1093/mnras/stad976,4,12,2023,"['astro-ph.GA', 'astro-ph.CO', 'astro-ph.HE', 'astro-ph.IM', 'physics.plasm-ph']"
10.1093/mnras/stae2605,5,11,2024,"['astro-ph.GA', 'astro-ph.CO', 'astro-ph.HE', 'astro-ph.IM', 'gr-qc']"
10.1093/mnras/stv1427,5,10,2015,"['astro-ph.GA', 'astro-ph.CO', 'astro-ph.EP', 'astro-ph.SR', 'physics.comp-ph']"
10.1093/mnras/stv2745,2,17,2015,"['astro-ph.GA', 'astro-ph.CO', 'astro-ph.EP', 'astro-ph.SR', 'physics.flu-dyn']"
10.1093/mnras/stw1578,1,12,2017,"['astro-ph.IM', 'astro-ph.CO', 'astro-ph.GA', 'astro-ph.SR', 'physics.flu-dyn']"
10.18727/0722-6691/5242,3,9,2021,"['astro-ph.IM', 'astro-ph.CO', 'astro-ph.GA', 'astro-ph.SR', 'cs.DL']"
10.1088/0004-637X/763/1/51,2,23,2012,"['astro-ph.SR', 'astro-ph.CO', 'astro-ph.GA', 'astro-ph.IM', 'physics.data-an']"
10.1093/acprof:oso/9780199694587.001.0001,1,28,2011,"['astro-ph.IM', 'astro-ph.EP', 'astro-ph.HE', 'stat.AP']"
10.1117/12.2057031,5,9,2014,"['astro-ph.IM', 'astro-ph.EP', 'astro-ph.HE']"
10.1103/PhysRevLett.114.165001,74,6,2015,"['astro-ph.HE', 'astro-ph.EP', 'astro-ph.IM']"
10.1088/1742-6596/1181/1/012068,9,7,2019,"['astro-ph.HE', 'astro-ph.EP', 'astro-ph.IM', 'physics.space-ph']"
10.3847/1538-4357/ab7dc7,2,22,2020,"['astro-ph.IM', 'astro-ph.EP', 'astro-ph.HE', 'physics.space-ph']"
10.3847/1538-3881/ac00ac,6,9,2021,"['astro-ph.IM', 'astro-ph.EP', 'astro-ph.HE']"
10.1038/s41598-021-92162-7,9,21,2021,"['astro-ph.IM', 'astro-ph.EP', 'astro-ph.HE', 'physics.space-ph']"
10.21105/astro.1708.00605,2,8,2018,"['astro-ph.IM', 'astro-ph.EP', 'astro-ph.HE', 'physics.data-an']"
10.1093/mnras/stab1156,4,11,2021,"['astro-ph.IM', 'astro-ph.EP', 'astro-ph.HE']"
10.3390/universe8110561,28,16,2022,"['astro-ph.IM', 'astro-ph.EP', 'astro-ph.HE']"
10.3389/feart.2020.590295,3,16,2020,"['astro-ph.IM', 'astro-ph.EP', 'astro-ph.HE']"
10.5194/amt-15-3141-2022,11,31,2022,"['astro-ph.EP', 'astro-ph.HE', 'astro-ph.IM']"
10.1017/S1743921322001818,2,6,2022,"['astro-ph.HE', 'astro-ph.EP', 'astro-ph.IM']"
10.1051/0004-6361/202245808,5,17,2023,"['astro-ph.EP', 'astro-ph.HE', 'astro-ph.IM']"
10.3390/universe10080310,5,13,2024,"['astro-ph.HE', 'astro-ph.EP', 'astro-ph.IM']"
10.1051/0004-6361/200811555,8,15,2009,"['astro-ph.SR', 'astro-ph.EP', 'astro-ph.IM']"
10.1051/0004-6361/200911885,33,5,2009,"['astro-ph.IM', 'astro-ph.EP', 'astro-ph.SR']"
10.1111/j.1365-2966.2009.15052.x,2,16,2009,"['astro-ph.IM', 'astro-ph.EP', 'astro-ph.SR']"
10.1051/0004-6361/200912098,10,8,2009,"['astro-ph.EP', 'astro-ph.IM', 'astro-ph.SR']"
10.1051/0004-6361/200912355,5,16,2010,"['astro-ph.SR', 'astro-ph.EP', 'astro-ph.IM']"
10.1088/0004-637X/712/1/421,20,9,2010,"['astro-ph.IM', 'astro-ph.EP', 'astro-ph.SR']"
10.1111/j.1365-2966.2010.17051.x,1,10,2010,"['astro-ph.EP', 'astro-ph.IM', 'astro-ph.SR']"
10.1088/0067-0049/189/1/156,3,58,2010,"['astro-ph.IM', 'astro-ph.EP', 'astro-ph.SR']"
10.1088/0004-637X/716/2/1551,17,32,2010,"['astro-ph.EP', 'astro-ph.IM', 'astro-ph.SR']"
10.1088/0004-6256/140/5/1370,3,20,2010,"['astro-ph.EP', 'astro-ph.IM', 'astro-ph.SR']"
10.1088/0004-6256/141/1/3,3,29,2010,"['astro-ph.IM', 'astro-ph.EP', 'astro-ph.SR']"
10.1016/j.icarus.2011.02.004,6,12,2011,"['astro-ph.EP', 'astro-ph.IM', 'astro-ph.SR']"
10.1103/PhysRevD.84.042002,5,24,2010,"['astro-ph.SR', 'astro-ph.EP', 'astro-ph.IM']"
10.1088/0004-637X/729/2/128,12,27,2011,"['astro-ph.EP', 'astro-ph.IM', 'astro-ph.SR']"
10.1088/2041-8205/731/2/L31,1,5,2011,"['astro-ph.EP', 'astro-ph.IM', 'astro-ph.SR']"
10.1086/660818,7,35,2011,"['astro-ph.IM', 'astro-ph.EP', 'astro-ph.SR']"
10.1088/2041-8205/736/2/L25,2,8,2011,"['astro-ph.EP', 'astro-ph.IM', 'astro-ph.SR']"
10.1088/2041-8205/736/2/L33,6,6,2011,"['astro-ph.EP', 'astro-ph.IM', 'astro-ph.SR']"
10.1088/0004-637X/740/2/93,3,46,2011,"['astro-ph.IM', 'astro-ph.EP', 'astro-ph.SR']"
10.1051/0004-6361/201117699,5,9,2011,"['astro-ph.EP', 'astro-ph.IM', 'astro-ph.SR']"
10.1051/0004-6361/201117719,13,11,2011,"['astro-ph.EP', 'astro-ph.IM', 'astro-ph.SR']"
10.1007/s10686-011-9282-x,3,10,2011,"['astro-ph.SR', 'astro-ph.EP', 'astro-ph.IM']"
10.1051/0004-6361/201117561,13,18,2012,"['astro-ph.IM', 'astro-ph.EP', 'astro-ph.SR']"
10.1088/0004-637X/753/2/171,18,10,2012,"['astro-ph.EP', 'astro-ph.IM', 'astro-ph.SR']"
10.1088/0067-0049/200/2/15,2,40,2012,"['astro-ph.EP', 'astro-ph.IM', 'astro-ph.SR']"
10.1007/s00159-012-0052-1,13,83,2012,"['astro-ph.IM', 'astro-ph.EP', 'astro-ph.SR']"
10.1088/2041-8205/755/2/L34,5,7,2012,"['astro-ph.EP', 'astro-ph.IM', 'astro-ph.SR']"
10.1086/669529,24,25,2012,"['astro-ph.EP', 'astro-ph.IM', 'astro-ph.SR']"
10.1051/0004-6361/201219236,3,16,2012,"['astro-ph.IM', 'astro-ph.EP', 'astro-ph.SR']"
10.1088/0004-637X/757/1/28,11,19,2012,"['astro-ph.EP', 'astro-ph.IM', 'astro-ph.SR']"
10.1051/0004-6361/201219115,3,9,2012,"['astro-ph.IM', 'astro-ph.EP', 'astro-ph.SR']"
10.1117/12.926214,19,11,2012,"['astro-ph.IM', 'astro-ph.EP', 'astro-ph.SR']"
10.1007/978-3-642-33380-4_3,2,25,2012,"['astro-ph.SR', 'astro-ph.EP', 'astro-ph.IM']"
10.1111/j.1365-2966.2012.22124.x,1,30,2012,"['astro-ph.SR', 'astro-ph.EP', 'astro-ph.IM']"
10.1051/0004-6361/201219601,13,10,2012,"['astro-ph.EP', 'astro-ph.IM', 'astro-ph.SR']"
10.1017/S1743921313002986,4,2,2012,"['astro-ph.SR', 'astro-ph.EP', 'astro-ph.IM']"
10.1093/mnras/stt005,9,16,2013,"['astro-ph.SR', 'astro-ph.EP', 'astro-ph.IM']"
10.1088/0004-637X/776/1/10,21,35,2013,"['astro-ph.EP', 'astro-ph.IM', 'astro-ph.SR']"
10.1051/0004-6361/201321315,23,4,2013,"['astro-ph.IM', 'astro-ph.EP', 'astro-ph.SR']"
10.1086/670940,6,24,2013,"['astro-ph.IM', 'astro-ph.EP', 'astro-ph.SR']"
10.1093/mnras/stt1191,3,14,2013,"['astro-ph.EP', 'astro-ph.IM', 'astro-ph.SR']"
10.1103/PhysRevE.87.053110,3,8,2013,"['physics.plasm-ph', 'astro-ph.EP', 'astro-ph.IM', 'astro-ph.SR']"
10.1093/mnras/stt1205,3,10,2013,"['astro-ph.SR', 'astro-ph.EP', 'astro-ph.IM']"
10.1093/mnras/stt894,5,9,2013,"['astro-ph.IM', 'astro-ph.EP', 'astro-ph.SR']"
10.1088/0004-637X/776/1/15,13,24,2013,"['astro-ph.EP', 'astro-ph.IM', 'astro-ph.SR']"
10.1088/0004-637X/777/2/165,2,7,2013,"['astro-ph.EP', 'astro-ph.IM', 'astro-ph.SR']"
10.1088/0004-637X/777/2/166,2,28,2013,"['astro-ph.EP', 'astro-ph.IM', 'astro-ph.SR']"
10.1088/2041-8205/772/2/L31,2,4,2017,"['astro-ph.EP', 'astro-ph.IM', 'astro-ph.SR']"
10.1016/j.ascom.2013.11.003,1,13,2013,"['astro-ph.IM', 'astro-ph.EP', 'astro-ph.SR']"
10.1117/12.2023929,6,9,2013,"['astro-ph.SR', 'astro-ph.EP', 'astro-ph.IM']"
10.1088/2041-8205/777/1/L6,5,14,2013,"['astro-ph.EP', 'astro-ph.IM', 'astro-ph.SR']"
10.1088/0004-637X/782/2/93,3,12,2014,"['astro-ph.SR', 'astro-ph.EP', 'astro-ph.IM']"
10.1088/0067-0049/209/1/7,6,10,2013,"['astro-ph.IM', 'astro-ph.EP', 'astro-ph.SR']"
10.1088/0004-637X/783/1/4,4,52,2014,"['astro-ph.EP', 'astro-ph.IM', 'astro-ph.SR']"
10.1088/2041-8205/780/2/L30,8,7,2013,"['astro-ph.SR', 'astro-ph.EP', 'astro-ph.IM']"
10.1051/0004-6361/201322746,3,8,2013,"['astro-ph.IM', 'astro-ph.EP', 'astro-ph.SR']"
10.1038/nature12955,12,17,2014,"['astro-ph.EP', 'astro-ph.IM', 'astro-ph.SR']"
10.3390/life4020142,6,32,2014,"['astro-ph.EP', 'astro-ph.IM', 'astro-ph.SR']"
10.1051/0004-6361/201323271,7,17,2014,"['astro-ph.SR', 'astro-ph.EP', 'astro-ph.IM']"
10.1073/pnas.1401816111,3,6,2014,"['astro-ph.EP', 'astro-ph.IM', 'astro-ph.SR']"
10.1051/0004-6361/201423750,1,11,2014,"['astro-ph.SR', 'astro-ph.EP', 'astro-ph.IM']"
10.1093/mnras/stu930,17,11,2014,"['astro-ph.SR', 'astro-ph.EP', 'astro-ph.IM']"
10.1117/12.2057297,14,14,2014,"['astro-ph.IM', 'astro-ph.EP', 'astro-ph.SR']"
10.1117/12.2057048,22,13,2014,"['astro-ph.IM', 'astro-ph.EP', 'astro-ph.SR']"
10.1088/2041-8205/791/2/L37,5,6,2014,"['astro-ph.SR', 'astro-ph.EP', 'astro-ph.IM']"
10.1117/12.2056325,8,12,2014,"['astro-ph.IM', 'astro-ph.EP', 'astro-ph.SR']"
10.1086/678764,2,11,2014,"['astro-ph.IM', 'astro-ph.EP', 'astro-ph.SR']"
10.1093/mnras/stu2164,2,14,2014,"['astro-ph.EP', 'astro-ph.IM', 'astro-ph.SR', 'math.NA']"
10.1088/2041-8205/796/2/L30,26,6,2014,"['astro-ph.EP', 'astro-ph.IM', 'astro-ph.SR']"
10.1093/mnrasl/slu202,1,4,2015,"['astro-ph.EP', 'astro-ph.IM', 'astro-ph.SR']"
10.1088/0004-637X/800/2/126,2,13,2015,"['astro-ph.SR', 'astro-ph.EP', 'astro-ph.IM']"
10.1093/mnras/stv519,6,12,2015,"['astro-ph.IM', 'astro-ph.EP', 'astro-ph.SR']"
10.1093/mnras/stv744,2,26,2015,"['astro-ph.EP', 'astro-ph.IM', 'astro-ph.SR']"
10.1088/0004-637X/806/1/30,5,14,2015,"['astro-ph.SR', 'astro-ph.EP', 'astro-ph.IM']"
10.1093/mnras/stv1857,2,7,2015,"['astro-ph.EP', 'astro-ph.IM', 'astro-ph.SR']"
10.1093/mnras/stv1842,1,7,2015,"['astro-ph.SR', 'astro-ph.EP', 'astro-ph.IM']"
10.1088/0004-6256/150/4/133,5,10,2015,"['astro-ph.SR', 'astro-ph.EP', 'astro-ph.IM']"
10.1051/0004-6361/201526162,2,8,2015,"['astro-ph.EP', 'astro-ph.IM', 'astro-ph.SR']"
10.1088/0004-6256/150/5/144,9,40,2015,"['astro-ph.SR', 'astro-ph.EP', 'astro-ph.IM']"
10.1088/0004-637X/811/2/157,8,9,2015,"['astro-ph.EP', 'astro-ph.IM', 'astro-ph.SR']"
10.1093/mnras/stv2379,1,12,2015,"['astro-ph.SR', 'astro-ph.EP', 'astro-ph.IM']"
10.1093/mnrasl/slv143,9,5,2015,"['astro-ph.IM', 'astro-ph.EP', 'astro-ph.SR']"
10.1051/0004-6361/201526921,2,16,2015,"['astro-ph.EP', 'astro-ph.IM', 'astro-ph.SR']"
10.1088/2041-8205/814/2/L21,19,8,2015,"['astro-ph.EP', 'astro-ph.IM', 'astro-ph.SR']"
10.1088/2041-8205/814/2/L27,8,6,2015,"['astro-ph.EP', 'astro-ph.IM', 'astro-ph.SR']"
10.1051/0004-6361/201527530,5,8,2015,"['astro-ph.SR', 'astro-ph.EP', 'astro-ph.IM']"
10.1051/0004-6361/201526900,10,27,2015,"['astro-ph.EP', 'astro-ph.IM', 'astro-ph.SR']"
10.3847/0067-0049/222/1/14,9,23,2017,"['astro-ph.EP', 'astro-ph.IM', 'astro-ph.SR']"
10.3847/1538-4365/aa7750,3,15,2017,"['astro-ph.IM', 'astro-ph.EP', 'astro-ph.SR']"
10.1093/mnras/stv2836,12,16,2016,"['astro-ph.SR', 'astro-ph.EP', 'astro-ph.IM']"
10.1007/978-3-540-75485-5_45,1,4,2022,"['astro-ph.EP', 'astro-ph.IM', 'astro-ph.SR']"
10.5303/JKAS.2016.49.3.093,2,15,2016,"['astro-ph.EP', 'astro-ph.IM', 'astro-ph.SR']"
10.1093/mnras/stw147,1,30,2016,"['astro-ph.SR', 'astro-ph.EP', 'astro-ph.IM']"
10.3847/2041-8205/819/2/L26,10,8,2016,"['astro-ph.SR', 'astro-ph.EP', 'astro-ph.IM']"
10.3847/0004-6256/151/4/101,12,21,2016,"['astro-ph.SR', 'astro-ph.EP', 'astro-ph.IM']"
10.1088/1538-3873/128/967/095002,2,7,2016,"['astro-ph.IM', 'astro-ph.EP', 'astro-ph.SR']"
10.3847/0004-637X/822/1/40,29,29,2016,"['astro-ph.SR', 'astro-ph.EP', 'astro-ph.IM']"
10.1093/mnras/stw706,3,14,2016,"['astro-ph.SR', 'astro-ph.EP', 'astro-ph.IM']"
10.1093/mnras/stw906,5,16,2016,"['astro-ph.SR', 'astro-ph.EP', 'astro-ph.IM']"
10.3847/0004-6256/152/2/41,22,15,2016,"['astro-ph.SR', 'astro-ph.EP', 'astro-ph.IM']"
10.1038/nature18305,14,19,2016,"['astro-ph.SR', 'astro-ph.EP', 'astro-ph.IM']"
10.1007/s10569-016-9714-z,2,32,2016,"['astro-ph.EP', 'astro-ph.IM', 'astro-ph.SR']"
10.1051/0004-6361/201628902,3,22,2016,"['astro-ph.EP', 'astro-ph.IM', 'astro-ph.SR']"
10.3847/0004-637X/830/2/84,26,50,2016,"['astro-ph.EP', 'astro-ph.IM', 'astro-ph.SR']"
10.1093/mnras/stx144,4,15,2016,"['astro-ph.IM', 'astro-ph.EP', 'astro-ph.SR']"
10.1093/mnras/stw2169,8,14,2016,"['astro-ph.SR', 'astro-ph.EP', 'astro-ph.IM']"
10.1088/1538-3873/aa5455,3,13,2016,"['astro-ph.IM', 'astro-ph.EP', 'astro-ph.SR']"
10.1117/12.2233153,15,11,2016,"['astro-ph.IM', 'astro-ph.EP', 'astro-ph.SR']"
10.1117/12.2233617,11,10,2016,"['astro-ph.IM', 'astro-ph.EP', 'astro-ph.SR']"
10.1117/12.2233135,34,13,2016,"['astro-ph.IM', 'astro-ph.EP', 'astro-ph.SR']"
10.3847/2041-8205/830/2/L27,1,6,2016,"['astro-ph.SR', 'astro-ph.EP', 'astro-ph.IM']"
10.3847/1538-4357/834/2/162,54,50,2016,"['astro-ph.SR', 'astro-ph.EP', 'astro-ph.IM']"
10.1093/mnras/stw2886,3,7,2016,"['astro-ph.IM', 'astro-ph.EP', 'astro-ph.SR']"
10.1093/mnrasl/slw241,39,5,2016,"['astro-ph.EP', 'astro-ph.IM', 'astro-ph.SR']"
10.3847/1538-3881/153/1/44,25,12,2016,"['astro-ph.SR', 'astro-ph.EP', 'astro-ph.IM']"
10.1117/12.2231678,7,15,2016,"['astro-ph.IM', 'astro-ph.EP', 'astro-ph.SR']"
10.1051/0004-6361/201629981,5,5,2017,"['astro-ph.EP', 'astro-ph.IM', 'astro-ph.SR']"
10.3847/2041-8213/836/1/L15,27,6,2017,"['astro-ph.EP', 'astro-ph.IM', 'astro-ph.SR']"
10.3847/1538-3881/aa6119,22,31,2017,"['astro-ph.EP', 'astro-ph.IM', 'astro-ph.SR']"
10.1051/0004-6361/201730671,3,13,2018,"['astro-ph.IM', 'astro-ph.EP', 'astro-ph.SR']"
10.1038/s41550-017-0129,33,42,2017,"['astro-ph.EP', 'astro-ph.IM', 'astro-ph.SR']"
10.1051/epjconf/201715201005,1,13,2017,"['astro-ph.SR', 'astro-ph.EP', 'astro-ph.IM']"
10.1142/S0218271817410152,5,15,2017,"['astro-ph.SR', 'astro-ph.EP', 'astro-ph.IM']"
10.1093/mnras/stx1100,5,12,2017,"['astro-ph.SR', 'astro-ph.EP', 'astro-ph.IM']"
10.1093/mnras/stx1422,5,13,2017,"['astro-ph.IM', 'astro-ph.EP', 'astro-ph.SR']"
10.1016/j.actaastro.2017.10.022,1,14,2017,"['astro-ph.EP', 'astro-ph.IM', 'astro-ph.SR']"
10.1051/0004-6361/201731855,36,32,2017,"['astro-ph.EP', 'astro-ph.IM', 'astro-ph.SR']"
10.3847/2041-8213/aa93fa,53,8,2017,"['astro-ph.EP', 'astro-ph.IM', 'astro-ph.SR']"
10.1051/0004-6361/201731483,21,13,2017,"['astro-ph.IM', 'astro-ph.EP', 'astro-ph.SR']"
10.1051/0004-6361/201731131,10,8,2017,"['astro-ph.SR', 'astro-ph.EP', 'astro-ph.IM']"
10.3847/1538-3881/aa5e4a,2,9,2017,"['astro-ph.IM', 'astro-ph.EP', 'astro-ph.SR']"
10.3847/1538-3881/aa9bf4,13,26,2017,"['astro-ph.SR', 'astro-ph.EP', 'astro-ph.IM']"
10.1093/mnras/stx3009,15,17,2017,"['astro-ph.EP', 'astro-ph.IM', 'astro-ph.SR']"
10.3847/1538-3881/aaf965,2,23,2019,"['astro-ph.EP', 'astro-ph.IM', 'astro-ph.SR']"
10.1093/mnras/stz1941,2,11,2019,"['astro-ph.EP', 'astro-ph.IM', 'astro-ph.SR']"
10.1093/mnras/sty1805,22,10,2018,"['astro-ph.SR', 'astro-ph.EP', 'astro-ph.IM']"
10.1093/mnras/sty1809,40,14,2018,"['astro-ph.EP', 'astro-ph.IM', 'astro-ph.SR']"
10.1117/1.JATIS.5.1.015001,22,21,2018,"['astro-ph.IM', 'astro-ph.EP', 'astro-ph.SR']"
10.1051/0004-6361/201833795,1,14,2018,"['astro-ph.SR', 'astro-ph.EP', 'astro-ph.IM']"
10.1093/mnrasl/sly227,5,5,2019,"['astro-ph.EP', 'astro-ph.IM', 'astro-ph.SR']"
10.3847/1538-3881/aae8e5,6,55,2018,"['astro-ph.IM', 'astro-ph.EP', 'astro-ph.SR']"
10.3847/1538-3881/aae9ea,33,27,2018,"['astro-ph.EP', 'astro-ph.IM', 'astro-ph.SR']"
10.3847/1538-3881/aaeb24,16,15,2018,"['astro-ph.EP', 'astro-ph.IM', 'astro-ph.SR']"
10.1093/mnras/sty3512,4,11,2018,"['astro-ph.EP', 'astro-ph.IM', 'astro-ph.SR']"
10.1051/0004-6361/201834563,2,8,2018,"['astro-ph.EP', 'astro-ph.IM', 'astro-ph.SR']"
10.3847/1538-4365/aaec0c,40,42,2018,"['astro-ph.IM', 'astro-ph.EP', 'astro-ph.SR']"
10.1093/mnras/stz028,2,12,2019,"['astro-ph.IM', 'astro-ph.EP', 'astro-ph.SR']"
10.1051/0004-6361/201834712,5,7,2019,"['astro-ph.EP', 'astro-ph.IM', 'astro-ph.SR']"
10.1051/0004-6361/201935142,16,7,2019,"['astro-ph.SR', 'astro-ph.EP', 'astro-ph.IM']"
10.1093/mnras/stz1166,4,12,2019,"['astro-ph.EP', 'astro-ph.IM', 'astro-ph.SR']"
10.1051/0004-6361/201833894,6,22,2019,"['astro-ph.SR', 'astro-ph.EP', 'astro-ph.IM']"
10.1093/mnras/stz1055,3,7,2019,"['astro-ph.SR', 'astro-ph.EP', 'astro-ph.IM']"
